-- MariaDB dump 10.19  Distrib 10.6.5-MariaDB, for Linux (x86_64)
--
-- Host: localhost    Database: kdi_photo
-- ------------------------------------------------------
-- Server version	10.6.5-MariaDB

/*!40101 SET @OLD_CHARACTER_SET_CLIENT=@@CHARACTER_SET_CLIENT */;
/*!40101 SET @OLD_CHARACTER_SET_RESULTS=@@CHARACTER_SET_RESULTS */;
/*!40101 SET @OLD_COLLATION_CONNECTION=@@COLLATION_CONNECTION */;
/*!40101 SET NAMES utf8 */;
/*!40103 SET @OLD_TIME_ZONE=@@TIME_ZONE */;
/*!40103 SET TIME_ZONE='+00:00' */;
/*!40014 SET @OLD_UNIQUE_CHECKS=@@UNIQUE_CHECKS, UNIQUE_CHECKS=0 */;
/*!40014 SET @OLD_FOREIGN_KEY_CHECKS=@@FOREIGN_KEY_CHECKS, FOREIGN_KEY_CHECKS=0 */;
/*!40101 SET @OLD_SQL_MODE=@@SQL_MODE, SQL_MODE='NO_AUTO_VALUE_ON_ZERO' */;
/*!40111 SET @OLD_SQL_NOTES=@@SQL_NOTES, SQL_NOTES=0 */;

--
-- Table structure for table `failed_jobs`
--

DROP TABLE IF EXISTS `failed_jobs`;
/*!40101 SET @saved_cs_client     = @@character_set_client */;
/*!40101 SET character_set_client = utf8 */;
CREATE TABLE `failed_jobs` (
  `id` bigint(20) unsigned NOT NULL AUTO_INCREMENT,
  `uuid` varchar(255) COLLATE utf8mb4_unicode_ci NOT NULL,
  `connection` text COLLATE utf8mb4_unicode_ci NOT NULL,
  `queue` text COLLATE utf8mb4_unicode_ci NOT NULL,
  `payload` longtext COLLATE utf8mb4_unicode_ci NOT NULL,
  `exception` longtext COLLATE utf8mb4_unicode_ci NOT NULL,
  `failed_at` timestamp NOT NULL DEFAULT current_timestamp(),
  PRIMARY KEY (`id`),
  UNIQUE KEY `failed_jobs_uuid_unique` (`uuid`)
) ENGINE=InnoDB DEFAULT CHARSET=utf8mb4 COLLATE=utf8mb4_unicode_ci;
/*!40101 SET character_set_client = @saved_cs_client */;

--
-- Dumping data for table `failed_jobs`
--

LOCK TABLES `failed_jobs` WRITE;
/*!40000 ALTER TABLE `failed_jobs` DISABLE KEYS */;
/*!40000 ALTER TABLE `failed_jobs` ENABLE KEYS */;
UNLOCK TABLES;

--
-- Table structure for table `items`
--

DROP TABLE IF EXISTS `items`;
/*!40101 SET @saved_cs_client     = @@character_set_client */;
/*!40101 SET character_set_client = utf8 */;
CREATE TABLE `items` (
  `id` int(10) unsigned NOT NULL AUTO_INCREMENT,
  `created_at` timestamp NOT NULL DEFAULT '0000-00-00 00:00:00',
  `updated_at` timestamp NOT NULL DEFAULT '0000-00-00 00:00:00',
  `name` varchar(255) COLLATE utf8mb3_unicode_ci NOT NULL,
  `description` varchar(255) COLLATE utf8mb3_unicode_ci NOT NULL,
  `price` decimal(8,2) NOT NULL,
  `multi` tinyint(1) NOT NULL,
  `auto` tinyint(1) NOT NULL,
  `input_option` tinyint(1) NOT NULL,
  `input_label` varchar(255) COLLATE utf8mb3_unicode_ci NOT NULL,
  `project_id` int(10) unsigned NOT NULL,
  PRIMARY KEY (`id`)
) ENGINE=InnoDB AUTO_INCREMENT=679 DEFAULT CHARSET=utf8mb3 COLLATE=utf8mb3_unicode_ci;
/*!40101 SET character_set_client = @saved_cs_client */;

--
-- Dumping data for table `items`
--

LOCK TABLES `items` WRITE;
/*!40000 ALTER TABLE `items` DISABLE KEYS */;
INSERT INTO `items` VALUES (1,'2015-09-03 13:53:33','2015-09-03 13:53:33','First Name on Photos','',5.00,0,0,1,'First Name',1),(2,'2015-09-03 14:02:36','2015-09-03 14:02:36','Class Photo','',5.00,1,0,0,'',1),(5,'2015-09-05 00:06:22','2015-09-05 00:06:22','Name on Prints','',5.00,0,0,1,'First Name',3),(9,'2015-10-16 14:53:43','2015-10-16 17:05:37','Name on Prints','',5.00,0,0,1,'Type Name Here',4),(10,'2015-10-16 14:54:42','2015-10-16 17:01:53','5x7 Class Picture','',8.00,1,0,0,'',4),(11,'2015-10-25 11:54:09','2015-10-25 11:54:09','Name on Prints','',5.00,0,0,1,'First Name',9),(12,'2015-10-25 14:41:37','2015-10-25 14:41:37','9x12 Plaque w/TeamMate','Black Marble finish with an 8x10 TeamMate. Ready to hang on your wall!',24.00,1,0,0,'',10),(13,'2015-10-25 14:44:13','2015-10-25 14:44:13','5x7 Photo Magnet','Same top quality photo ready to display on you refrigerator!',15.00,1,0,0,'',10),(14,'2015-10-25 14:46:13','2015-10-25 14:46:13','3\" Photo Button','3\" pin photo button with players name',8.00,1,0,1,'Enter players name here',10),(15,'2015-11-07 15:08:13','2015-11-07 15:08:13','9x12 Plaque w/TeamMate','Black Marble finish with an 8x10 TeamMate. Ready to hang on your wall!',24.00,1,0,0,'',11),(16,'2015-11-07 15:08:13','2015-11-07 15:08:13','5x7 Photo Magnet','Same top quality photo ready to display on you refrigerator!',15.00,1,0,0,'',11),(17,'2015-11-07 15:08:13','2015-11-07 15:08:13','3\" Photo Button','3\" pin photo button with players name',8.00,1,0,1,'Enter players name here',11),(18,'2015-11-07 15:19:24','2015-11-07 15:19:44','5x7 VBall seniors','',10.00,1,0,0,'',11),(19,'2015-11-15 20:19:20','2015-11-15 20:20:41','Late shipping','Please leave mailing address',5.00,0,1,1,'mailing address',3),(20,'2015-11-15 20:24:22','2015-11-15 20:24:22','Late shipping','',5.00,0,1,1,'',4),(21,'2015-11-15 20:25:15','2015-11-15 20:25:15','Late shipping','',5.00,0,1,1,'',9),(22,'2015-11-15 20:26:02','2015-11-15 20:26:02','Late shipping','',5.00,0,1,1,'',10),(26,'2016-03-13 20:18:14','2016-03-13 20:18:14','Name on Prints','',5.00,0,0,1,'Type Name Here',13),(27,'2016-03-13 20:18:14','2016-03-13 20:18:14','5x7 Class Picture','',8.00,1,0,0,'',13),(33,'2016-03-14 13:45:50','2016-03-14 13:45:50','9x12 Plaque w/TeamMate','Black Marble finish with an 8x10 TeamMate. Ready to hang on your wall!',24.00,1,0,0,'',15),(34,'2016-03-14 13:45:50','2016-03-14 13:45:50','5x7 Photo Magnet','Same top quality photo ready to display on you refrigerator!',15.00,1,0,0,'',15),(35,'2016-03-14 13:45:50','2016-03-14 13:45:50','3\" Photo Button','3\" pin photo button with players name',8.00,1,0,1,'Enter players name here',15),(37,'2016-04-09 15:22:08','2016-04-09 15:22:08','Name on Prints','',5.00,0,0,1,'Type Name Here',16),(38,'2016-04-09 15:22:08','2016-04-09 15:22:08','5x7 Class Picture','',8.00,1,0,0,'',16),(40,'2016-05-01 19:03:27','2016-05-01 19:03:27','5x7 Class Picture','',8.00,1,0,0,'',17),(41,'2016-05-01 19:07:27','2016-05-01 19:07:50','Personality 8x10','',25.00,1,0,0,'',17),(42,'2016-05-01 19:08:36','2016-05-01 19:08:36','When I Grow Up 8x10','',20.00,1,0,0,'',17),(44,'2016-05-10 23:58:39','2016-05-11 00:04:29','Our Graduate 8x10','',25.00,1,0,0,'',18),(46,'2016-05-18 00:17:36','2016-05-18 00:17:36','Late Shipping','',5.00,0,1,1,'Please include address',11),(47,'2016-05-18 00:18:46','2016-05-18 00:18:46','Late Shipping','',5.00,0,1,1,'Include address',13),(48,'2016-05-18 00:19:36','2016-05-18 00:19:36','Late Shipping','',5.00,0,1,1,'Include address',15),(49,'2016-05-18 00:20:25','2016-05-18 00:20:25','Late shipping','',5.00,0,1,1,'Include address',16),(50,'2016-05-18 00:21:20','2016-05-18 00:21:20','Late Shipping','',5.00,0,1,1,'Include address',17),(51,'2016-05-18 00:22:08','2016-05-18 00:22:08','Late Shipping','',5.00,0,1,1,'Include address',18),(52,'2016-05-18 18:52:05','2016-05-18 18:52:05','Late Shipping','Late Shipping',5.00,0,1,0,'',1),(53,'2016-05-18 18:52:27','2016-05-18 18:52:27','Return Address','',0.00,0,0,1,'Return Address',1),(54,'2016-09-11 19:37:19','2016-09-11 19:37:19','Name on Prints','',5.00,0,0,1,'First Name',19),(56,'2016-09-11 22:32:28','2016-09-11 22:32:28','9x12 Plaque w/TeamMate','Black Marble finish with an 8x10 TeamMate. Ready to hang on your wall!',24.00,1,0,0,'',20),(57,'2016-09-11 22:32:28','2016-09-11 22:32:28','5x7 Photo Magnet','Same top quality photo ready to display on you refrigerator!',15.00,1,0,0,'',20),(58,'2016-09-11 22:32:28','2016-09-11 22:32:28','3\" Photo Button','3\" pin photo button with players name',8.00,1,0,1,'Enter players name here',20),(60,'2016-10-23 18:04:44','2016-10-23 18:04:44','Name on Prints','',5.00,0,0,1,'Type Name Here',21),(61,'2016-10-23 18:04:44','2016-10-23 18:04:44','5x7 Class Picture','',8.00,1,0,0,'',21),(63,'2016-11-05 11:28:40','2016-11-05 11:28:40','Name on Prints','',5.00,0,0,1,'First Name',22),(64,'2016-11-19 19:17:46','2016-11-19 19:19:57','Late Shipping','',5.00,0,1,1,'Include Mailing Address',21),(65,'2016-11-25 17:22:10','2016-11-25 17:22:10','9x12 Plaque w/TeamMate','Black Marble finish with an 8x10 TeamMate. Ready to hang on your wall!',24.00,1,0,0,'',23),(66,'2016-11-25 17:22:10','2016-11-25 17:22:10','5x7 Photo Magnet','Same top quality photo ready to display on you refrigerator!',15.00,1,0,0,'',23),(67,'2016-11-25 17:22:10','2016-11-25 17:22:10','3\" Photo Button','3\" pin photo button with players name',8.00,1,0,1,'Enter players name here',23),(68,'2016-12-12 23:05:16','2016-12-12 23:05:35','Late Shipping','',5.00,0,1,0,'',19),(69,'2016-12-12 23:06:37','2016-12-12 23:06:37','Late Shipping','',5.00,0,1,0,'',20),(70,'2016-12-12 23:07:18','2016-12-12 23:07:18','Late Shipping','',5.00,0,1,0,'',22),(71,'2016-12-12 23:08:25','2016-12-12 23:08:25','Late Shipping','',5.00,0,1,0,'',23),(72,'2017-03-08 23:02:23','2017-03-08 23:02:23','Name on Prints','',5.00,0,0,1,'Type Name Here',24),(73,'2017-03-08 23:02:23','2017-03-08 23:02:23','5x7 Class Picture','',8.00,1,0,0,'',24),(75,'2017-03-09 01:09:15','2017-03-09 01:09:15','9x12 Plaque w/TeamMate','Black Marble finish with an 8x10 TeamMate. Ready to hang on your wall!',24.00,1,0,0,'',25),(76,'2017-03-09 01:09:15','2017-03-09 01:09:15','5x7 Photo Magnet','Same top quality photo ready to display on you refrigerator!',15.00,1,0,0,'',25),(77,'2017-03-09 01:09:15','2017-03-09 01:09:15','3\" Photo Button','3\" pin photo button with players name',8.00,1,0,1,'Enter players name here',25),(79,'2017-04-09 15:08:39','2017-04-09 15:08:39','Name on Prints','',5.00,0,0,1,'Type Name Here',26),(80,'2017-04-09 15:08:39','2017-04-09 15:08:39','5x7 Class Picture','',8.00,1,0,0,'',26),(81,'2017-04-22 20:43:13','2017-04-22 20:43:13','5x7 Class Picture','',8.00,1,0,0,'',27),(82,'2017-04-22 20:43:13','2017-04-22 20:43:13','Personality 8x10','',25.00,1,0,0,'',27),(83,'2017-04-22 20:43:13','2017-04-22 20:43:13','When I Grow Up 8x10','',20.00,1,0,0,'',27),(85,'2017-04-24 19:02:19','2017-04-24 19:02:19','Our Graduate 8x10','',25.00,1,0,0,'',28),(87,'2017-05-09 00:43:44','2017-05-09 00:43:56','Late Shipping','',5.00,0,1,0,'',24),(88,'2017-05-09 00:44:41','2017-05-09 00:44:41','Late Shipping','',5.00,0,1,0,'',25),(89,'2017-05-09 00:45:19','2017-05-09 00:45:19','Late Shipping','',5.00,0,1,0,'',26),(90,'2017-05-09 00:45:58','2017-05-09 00:45:58','Late Shipping','',5.00,0,1,0,'',27),(91,'2017-05-09 00:46:26','2017-05-09 00:46:26','Late Shipping','',5.00,0,1,0,'',28),(92,'2017-09-17 20:14:19','2017-09-17 20:14:19','Name on Prints','',5.00,0,0,1,'First Name',29),(94,'2017-09-18 18:04:19','2017-09-18 18:04:19','9x12 Plaque w/TeamMate','Black Marble finish with an 8x10 TeamMate. Ready to hang on your wall!',24.00,1,0,0,'',30),(95,'2017-09-18 18:04:19','2017-09-18 18:04:19','5x7 Photo Magnet','Same top quality photo ready to display on you refrigerator!',15.00,1,0,0,'',30),(96,'2017-09-18 18:04:19','2017-09-18 18:04:19','3\" Photo Button','3\" pin photo button with players name',8.00,1,0,1,'Enter players name here',30),(98,'2017-09-18 18:06:56','2017-09-18 18:07:13','Late Shipping','',5.00,0,1,0,'',30),(99,'2017-09-18 18:07:36','2017-09-18 18:07:36','9x12 Plaque w/TeamMate','Black Marble finish with an 8x10 TeamMate. Ready to hang on your wall!',24.00,1,0,0,'',31),(100,'2017-09-18 18:07:36','2017-09-18 18:07:36','5x7 Photo Magnet','Same top quality photo ready to display on you refrigerator!',15.00,1,0,0,'',31),(101,'2017-09-18 18:07:36','2017-09-18 18:07:36','3\" Photo Button','3\" pin photo button with players name',8.00,1,0,1,'Enter players name here',31),(103,'2017-10-09 13:06:17','2017-10-09 13:06:17','Name on Prints','',5.00,0,0,1,'Type Name Here',32),(104,'2017-10-09 13:06:17','2017-10-09 13:06:17','5x7 Class Picture','',8.00,1,0,0,'',32),(108,'2017-12-24 02:00:47','2017-12-24 02:00:47','Shipping','',5.00,0,1,0,'Please confirm address',33),(109,'2017-12-24 02:01:43','2017-12-24 02:01:43','Shipping','',5.00,0,1,0,'Please Confirm Address',32),(110,'2017-12-24 02:05:17','2017-12-24 02:05:17','Shipping','',5.00,0,1,0,'',31),(111,'2017-12-24 02:06:06','2017-12-24 02:06:06','Shipping','',5.00,0,1,0,'',29),(112,'2018-03-14 09:13:02','2018-03-14 09:13:02','Name on Prints','',5.00,0,0,1,'Type Name Here',34),(113,'2018-03-14 09:13:02','2018-03-14 09:13:02','5x7 Class Picture','',8.00,1,0,0,'',34),(115,'2018-03-15 00:32:51','2018-03-15 00:32:51','9x12 Plaque w/TeamMate','Black Marble finish with an 8x10 TeamMate. Ready to hang on your wall!',24.00,1,0,0,'',35),(117,'2018-03-15 00:32:51','2018-03-15 00:32:51','3\" Photo Button','3\" pin photo button with players name',8.00,1,0,1,'Enter players name here',35),(119,'2018-04-08 16:29:14','2018-04-08 16:29:14','Name on Prints','',5.00,0,0,1,'Type Name Here',36),(120,'2018-04-08 16:29:14','2018-04-08 16:29:14','5x7 Class Picture','',8.00,1,0,0,'',36),(121,'2018-04-25 00:45:04','2018-04-25 00:45:04','Our Graduate 8x10','',25.00,1,0,0,'',37),(123,'2018-04-27 00:18:06','2018-04-27 00:18:06','5x7 Class Picture','',8.00,1,0,0,'',38),(124,'2018-04-27 00:18:06','2018-04-27 00:18:06','Personality 8x10','',25.00,1,0,0,'',38),(125,'2018-04-27 00:18:06','2018-04-27 00:18:06','When I Grow Up 8x10','',20.00,1,0,0,'',38),(127,'2018-04-27 00:20:25','2018-04-27 00:20:25','Late Shipping','',5.00,0,1,0,'',38),(128,'2018-04-27 00:20:54','2018-04-27 00:20:54','5x7 Class Picture','',8.00,1,0,0,'',39),(129,'2018-04-27 00:20:54','2018-04-27 00:20:54','Personality 8x10','',25.00,1,0,0,'',39),(130,'2018-04-27 00:20:54','2018-04-27 00:20:54','When I Grow Up 8x10','',20.00,1,0,0,'',39),(132,'2018-05-16 23:48:53','2018-05-16 23:48:53','Shipping','',5.00,0,1,0,'',34),(133,'2018-05-16 23:49:45','2018-05-16 23:49:45','Late Shipping','',5.00,0,1,0,'',35),(134,'2018-05-16 23:50:38','2018-05-16 23:50:38','Late Shipping','',5.00,0,1,0,'',36),(135,'2018-05-16 23:51:17','2018-05-16 23:51:17','Late Shipping','',5.00,0,1,0,'',37),(136,'2018-05-16 23:51:51','2018-05-16 23:51:51','Late Shipping','',5.00,0,1,0,'',39),(137,'2018-09-25 02:14:48','2018-09-25 02:14:48','Name on Prints','',5.00,0,0,1,'First Name',40),(139,'2018-09-26 22:29:09','2018-09-26 22:29:09','9x12 Plaque w/TeamMate','Black Marble finish with an 8x10 TeamMate. Ready to hang on your wall!',24.00,1,0,0,'',41),(140,'2018-09-26 22:29:09','2018-09-26 22:29:09','5x7 Photo Magnet','Same top quality photo ready to display on you refrigerator!',15.00,1,0,0,'',41),(141,'2018-09-26 22:29:09','2018-09-26 22:29:09','3\" Photo Button','3\" pin photo button with players name',8.00,1,0,1,'Enter players name here',41),(143,'2018-10-03 01:32:38','2018-10-03 01:32:38','Name on Prints','',5.00,0,0,1,'Type Name Here',42),(144,'2018-10-03 01:32:38','2018-10-03 01:32:38','5x7 Class Picture','',8.00,1,0,0,'',42),(146,'2018-11-07 21:28:46','2018-11-07 21:28:46','Name on Prints','',5.00,0,0,1,'First Name',43),(147,'2018-11-18 14:12:44','2018-11-18 14:19:13','Late Shipping Fee','',5.00,0,1,0,'Mail to address',42),(148,'2018-11-25 15:27:16','2018-11-25 15:27:16','Late Shipping Fees','',5.00,0,1,0,'',43),(149,'2018-11-25 15:29:34','2018-11-25 15:30:39','Late Shipping Fee','',5.00,0,1,0,'',41),(150,'2018-11-25 15:30:13','2018-11-25 15:30:13','Late Shipping Fee','',5.00,0,1,0,'',40),(151,'2018-12-09 17:02:08','2018-12-09 17:02:08','9x12 Plaque w/TeamMate','Black Marble finish with an 8x10 TeamMate. Ready to hang on your wall!',24.00,1,0,0,'',45),(153,'2018-12-09 17:02:08','2019-04-26 22:58:59','3\" photo button','',8.00,1,0,0,'Enter players name here',45),(155,'2018-12-09 17:17:38','2018-12-09 17:17:38','1.375\"x2\" Acrylic Keychain','',8.00,1,0,0,'',45),(156,'2018-12-09 17:19:16','2018-12-09 17:31:35','Please make sure your shipping address is correct in cart','',0.00,0,1,0,'',45),(158,'2019-03-13 01:55:46','2019-03-13 01:55:46','Name on Prints','',5.00,0,0,1,'Type Name Here',46),(159,'2019-03-13 01:55:46','2019-03-13 01:55:46','5x7 Class Picture','',8.00,1,0,0,'',46),(161,'2019-03-13 01:58:49','2019-03-13 02:01:51','Digital Copy','',25.00,0,0,1,'Email or text number',46),(162,'2019-03-25 00:40:33','2019-04-04 01:08:10','Name on Prints','Free!',0.00,0,1,0,'Type Name Here',47),(163,'2019-03-25 00:40:33','2019-03-25 00:40:33','5x7 Class Picture','',8.00,1,0,0,'',47),(164,'2019-03-25 00:40:33','2019-03-25 00:40:33','Digital Copy','',25.00,0,0,1,'Email or text number',47),(165,'2019-04-26 23:00:43','2019-04-26 23:02:10','Player\'s Name and Jersey Number','',0.00,0,0,1,'',45),(166,'2019-05-07 00:01:07','2019-05-07 00:01:07','5x7 Class Picture','',8.00,1,0,0,'',48),(167,'2019-05-07 00:01:07','2019-05-07 00:01:07','Personality 8x10','',25.00,1,0,0,'',48),(168,'2019-05-07 00:01:07','2019-05-07 00:01:07','When I Grow Up 8x10','',20.00,1,0,0,'',48),(170,'2019-05-07 00:04:24','2019-05-07 00:04:24','Our Graduate 8x10','',25.00,1,0,0,'',49),(172,'2019-06-13 23:40:16','2019-06-13 23:40:16','Late Shipping Fee','',5.00,0,1,0,'',49),(173,'2019-06-13 23:40:45','2019-06-13 23:40:45','Late Shipping Fee','',5.00,0,1,0,'',48),(174,'2019-06-13 23:41:19','2019-06-13 23:41:19','Late Shipping Fee','',5.00,0,1,0,'',47),(175,'2019-06-13 23:41:47','2019-06-13 23:41:47','Late Shipping Fee','',5.00,0,1,0,'',46),(176,'2019-06-13 23:42:23','2019-06-13 23:42:23','Late Shipping Fee','',5.00,0,1,0,'',45),(177,'2019-09-23 22:58:29','2019-09-23 22:58:29','Name on Prints','',5.00,0,0,1,'First Name',50),(179,'2019-09-23 23:00:58','2019-09-23 23:10:06','Digital Copy','This is an a la carte item. No need to add to cart if you purchase 5 or more sheets',25.00,0,0,1,'Text # or email address',50),(180,'2019-09-29 16:15:16','2019-09-29 16:15:16','9x12 Plaque w/TeamMate','Black Marble finish with an 8x10 TeamMate. Ready to hang on your wall!',24.00,1,0,0,'',51),(181,'2019-09-29 16:15:16','2019-09-29 16:15:16','3\" photo button','',8.00,1,0,0,'Enter players name here',51),(182,'2019-09-29 16:15:16','2019-09-29 16:15:16','1.375\"x2\" Acrylic Keychain','',8.00,1,0,0,'',51),(184,'2019-09-29 16:15:16','2019-09-29 16:20:16','Player\'s Name and Jersey Number Correct?','',0.00,0,0,1,'',51),(186,'2019-10-20 19:59:42','2019-10-20 19:59:42','Name on Prints','',5.00,0,0,1,'Type Name Here',52),(187,'2019-10-20 19:59:42','2019-10-20 19:59:42','5x7 Class Picture','',8.00,1,0,0,'',52),(191,'2019-10-20 20:02:44','2019-10-20 20:02:44','Name on Prints','',5.00,0,0,1,'First Name',54),(192,'2019-10-20 20:02:44','2019-10-20 20:02:44','Digital Copy','This is an a la carte item. No need to add to cart if you purchase 5 or more sheets',25.00,0,0,1,'Text # or email address',54),(193,'2019-10-28 23:02:22','2019-10-28 23:02:22','Digital Copy Only','',25.00,0,0,0,'',52),(194,'2019-12-01 17:38:29','2019-12-01 17:38:29','Shipping Fee','',5.00,0,1,1,'Mail to Address',54),(195,'2019-12-01 17:40:43','2019-12-01 17:40:43','Shipping Fee','',5.00,0,1,0,'',52),(196,'2019-12-30 17:51:28','2019-12-30 17:51:28','Shipping Fee','',5.00,0,1,0,'',51),(197,'2019-12-30 17:52:19','2019-12-30 17:52:19','Shipping Fee','',5.00,0,1,0,'',50),(198,'2020-03-23 13:17:23','2020-03-23 13:17:23','9x12 Plaque w/TeamMate','Black Marble finish with an 8x10 TeamMate. Ready to hang on your wall!',24.00,1,0,0,'',55),(199,'2020-03-23 13:17:23','2020-03-23 13:17:23','3\" photo button','',8.00,1,0,0,'Enter players name here',55),(200,'2020-03-23 13:17:23','2020-03-23 13:17:23','1.375\"x2\" Acrylic Keychain','',8.00,1,0,0,'',55),(201,'2020-03-23 13:17:23','2020-03-23 13:31:48','Player\'s Name Correct? Click Add box','',0.00,0,0,1,'',55),(203,'2020-03-23 13:36:11','2020-03-23 17:14:49','Digital Copy. Type Individual or Magazine in box and click Add','',25.00,0,0,1,'',55),(207,'2020-03-23 14:01:46','2020-03-23 14:05:15','Student\'s Name Correct? Click Add box','',0.00,0,0,1,'',56),(208,'2020-03-23 14:01:46','2020-03-23 14:06:14','Digital Copy Only. Click Add','',25.00,0,0,0,'',56),(209,'2020-03-23 14:24:35','2020-03-23 17:12:09','Class Photo','',10.00,0,0,0,'',56),(213,'2020-09-24 22:42:36','2020-09-24 22:42:36','Shipping Fee','',5.00,0,1,0,'',56),(214,'2020-09-25 22:53:58','2020-09-25 22:53:58','Name on Prints','',5.00,0,0,1,'Type Name Here',58),(215,'2020-09-25 22:53:58','2020-09-25 22:53:58','5x7 Class Picture','',8.00,1,0,0,'',58),(216,'2020-09-25 22:53:58','2020-09-25 22:53:58','Digital Copy Only','',25.00,0,0,0,'',58),(218,'2020-09-29 22:37:56','2020-09-29 22:37:56','Name on Prints','',5.00,0,0,1,'First Name',59),(219,'2020-09-29 22:37:56','2020-09-29 22:37:56','Digital Copy','This is an a la carte item. No need to add to cart if you purchase 5 or more sheets',25.00,0,0,1,'Text # or email address',59),(221,'2020-10-09 00:12:02','2020-10-09 00:12:02','9x12 Plaque w/TeamMate','Black Marble finish with an 8x10 TeamMate. Ready to hang on your wall!',24.00,1,0,0,'',60),(222,'2020-10-09 00:12:02','2020-10-09 00:12:02','3\" photo button','',8.00,1,0,0,'Enter players name here',60),(223,'2020-10-09 00:12:02','2020-10-09 00:12:02','1.375\"x2\" Acrylic Keychain','',8.00,1,0,0,'',60),(224,'2020-10-09 00:12:02','2020-10-09 00:12:02','Player\'s Name and Jersey Number Correct?','',0.00,0,0,1,'',60),(225,'2021-02-07 18:28:25','2021-02-07 18:28:25','9x12 Plaque w/TeamMate','Black Marble finish with an 8x10 TeamMate. Ready to hang on your wall!',24.00,1,0,0,'',61),(226,'2021-02-07 18:28:25','2021-02-07 18:28:25','3\" photo button','',8.00,1,0,0,'Enter players name here',61),(227,'2021-02-07 18:28:25','2021-02-07 18:28:25','1.375\"x2\" Acrylic Keychain','',8.00,1,0,0,'',61),(228,'2021-02-07 18:28:25','2021-02-07 18:28:25','Player\'s Name and Jersey Number Correct?','',0.00,0,0,1,'',61),(229,'2021-02-07 18:30:03','2021-02-07 18:30:03','Shipping','',5.00,0,1,0,'',60),(230,'2021-02-07 18:30:38','2021-02-07 18:30:38','Shipping','',5.00,0,1,0,'',59),(231,'2021-03-16 21:29:40','2021-03-16 21:29:40','Student\'s Name Correct? Click Add box','',0.00,0,0,1,'',62),(232,'2021-03-16 21:29:40','2021-03-16 21:29:40','Digital Copy Only. Click Add','',25.00,0,0,0,'',62),(233,'2021-03-16 21:29:40','2021-03-16 21:29:40','Class Photo','',10.00,0,0,0,'',62),(235,'2021-04-20 00:15:17','2021-04-20 00:15:17','Student\'s Name Correct? Click Add box','',0.00,0,0,1,'',63),(236,'2021-04-20 00:15:17','2021-04-20 00:15:17','Digital Copy Only. Click Add','',25.00,0,0,0,'',63),(237,'2021-04-20 00:15:17','2021-04-20 00:15:17','Class Photo','',10.00,0,0,0,'',63),(238,'2021-04-29 15:59:48','2021-04-29 15:59:48','5x7 Class Picture','',8.00,1,0,0,'',64),(239,'2021-04-29 15:59:48','2021-04-29 15:59:48','Personality 8x10','',25.00,1,0,0,'',64),(240,'2021-04-29 15:59:48','2021-04-29 15:59:48','When I Grow Up 8x10','',20.00,1,0,0,'',64),(242,'2021-04-29 16:02:34','2021-04-29 16:02:34','Digital Copy Only - Individual','',25.00,0,0,0,'',64),(243,'2021-04-29 16:03:35','2021-04-29 16:03:35','Digital Copy Only - Personality','',30.00,0,0,0,'',64),(244,'2021-04-29 16:05:13','2021-04-29 16:05:13','Digital Copy Only - Individual and Personality','',40.00,0,0,0,'',64),(246,'2021-05-04 15:23:57','2021-05-04 15:28:08','\"Our Graduate\" 8x10','',25.00,1,0,0,'',65),(248,'2021-05-04 15:23:57','2021-05-04 15:23:57','Digital Copy Only - Individual','',25.00,0,0,0,'',65),(249,'2021-05-04 15:23:57','2021-05-04 15:28:44','Digital Copy Only - \"Our Graduate\"','',30.00,0,0,0,'',65),(250,'2021-05-04 15:23:57','2021-05-04 15:29:07','Digital Copy Only - Individual and \"Our Graduate\"','',40.00,0,0,0,'',65),(251,'2021-05-18 11:49:48','2021-05-18 11:49:48','Shipping','',5.00,0,1,0,'',65),(252,'2021-05-18 11:50:23','2021-05-18 11:50:23','Shipping','',5.00,0,1,0,'',64),(253,'2021-05-18 11:50:59','2021-05-18 11:50:59','Shipping','',5.00,0,1,0,'',63),(254,'2021-05-18 11:51:41','2021-05-18 11:51:41','Shipping','',5.00,0,1,0,'',62),(255,'2021-05-18 11:52:13','2021-05-18 11:52:13','Shipping','',5.00,0,1,0,'',61),(256,'2021-09-18 23:11:04','2021-09-18 23:11:04','Name on Prints','',5.00,0,0,1,'First Name',66),(257,'2021-09-18 23:11:04','2021-09-18 23:11:04','Digital Copy','This is an a la carte item. No need to add to cart if you purchase 5 or more sheets',25.00,0,0,1,'Text # or email address',66),(258,'2022-02-10 02:10:37','2022-02-15 21:19:04','A. 9x12 Plaque (Black w/ TeamMate)','',24.00,1,0,0,'',67),(259,'2022-02-10 02:10:37','2022-02-15 21:19:04','B. Team Plaque (w/ 8x10 team photo)','',24.00,1,0,0,'',67),(260,'2022-02-10 02:10:37','2022-02-15 21:19:04','C. 8x10 TeamMate w/photo easel','Individual photo with Team photo with graphics',15.00,1,0,0,'',67),(261,'2022-02-10 02:10:37','2022-02-15 21:19:04','E. 8x10 Team photo w/photo easel','',15.00,1,0,0,'',67),(262,'2022-02-10 02:10:37','2022-02-15 21:19:04','F. 8x10 Individual photo w/photo easel','',15.00,1,0,0,'',67),(263,'2022-02-10 02:10:37','2022-02-15 21:19:04','G. 5x7 Team photo','',10.00,1,0,0,'',67),(264,'2022-02-10 02:10:37','2022-02-15 21:19:04','H. 5x7 Individual photo','',10.00,1,0,0,'',67),(265,'2022-02-10 02:10:37','2022-02-15 21:19:04','G and H','5x7 team and 5x7 individual',15.00,1,0,0,'',67),(266,'2022-02-10 02:10:37','2022-02-15 21:19:04','I. 2- 5x7 Individual','',12.00,1,0,0,'',67),(267,'2022-02-10 02:10:37','2022-02-15 21:19:04','J. 4- 3.5x5 Individual','',12.00,1,0,0,'',67),(268,'2022-02-10 02:10:37','2022-02-15 21:19:04','K. 8 wallets','',12.00,1,0,0,'',67),(269,'2022-02-10 02:10:37','2022-02-15 21:19:04','L. Digital Copy of Individual photo','',25.00,0,0,0,'',67),(270,'2021-10-18 00:47:59','2021-10-18 00:47:59','Name on Prints','',5.00,0,0,1,'Type Name Here',68),(271,'2021-10-18 00:47:59','2021-10-18 00:47:59','5x7 Class Picture','',8.00,1,0,0,'',68),(272,'2021-10-18 00:47:59','2021-10-18 00:47:59','Digital Copy Only','',25.00,0,0,0,'',68),(273,'2021-10-18 00:51:23','2021-10-18 00:51:23','Late Shipping','',5.00,0,1,0,'',58),(274,'2022-02-10 02:10:37','2022-02-15 21:19:04','M. 5x7 Magnet','Type in \"Player\" or \"Team\"',15.00,1,0,1,'',67),(276,'2021-10-22 14:56:14','2021-10-22 14:56:14','A. 9x12 Plaque (Black w/ TeamMate)','',24.00,1,0,0,'',69),(277,'2021-10-22 14:56:14','2021-10-22 14:56:14','B. Team Plaque (w/ 8x10 team photo)','',24.00,1,0,0,'',69),(278,'2021-10-22 14:56:14','2021-10-22 14:56:14','C. 8x10 TeamMate w/photo easel','Individual photo with Team photo with graphics',15.00,1,0,0,'',69),(279,'2021-10-22 14:56:14','2021-10-22 14:56:14','E. 8x10 Team photo w/photo easel','',15.00,1,0,0,'',69),(280,'2021-10-22 14:56:14','2021-10-22 14:56:14','F. 8x10 Individual photo w/photo easel','',15.00,1,0,0,'',69),(281,'2021-10-22 14:56:14','2021-10-22 14:56:14','G. 5x7 Team photo','',10.00,1,0,0,'',69),(282,'2021-10-22 14:56:14','2021-10-22 14:56:14','H. 5x7 Individual photo','',10.00,1,0,0,'',69),(283,'2021-10-22 14:56:14','2021-10-22 14:56:14','G and H ','5x7 team and 5x7 individual',15.00,1,0,0,'',69),(284,'2021-10-22 14:56:14','2021-10-22 14:56:14','I. 2- 5x7 Individual','',12.00,1,0,0,'',69),(285,'2021-10-22 14:56:14','2021-10-22 14:56:14','J. 4- 3.5x5 Individual','',12.00,1,0,0,'',69),(286,'2021-10-22 14:56:14','2021-10-22 14:56:14','K. 8 wallets','',12.00,1,0,0,'',69),(287,'2021-10-22 14:56:14','2021-10-22 14:56:14','L. Digital Copy of Individual photo','',25.00,0,0,0,'',69),(288,'2021-10-22 14:56:14','2021-10-22 14:56:14','M. 5x7 Magnet','Type in \"Player\" or \"Team\"',15.00,1,0,1,'',69),(289,'2021-10-22 14:58:16','2021-10-22 14:58:16','Shipping','',5.00,0,1,0,'',69),(290,'2021-10-26 18:47:54','2022-09-08 13:34:38','Name on Prints','',5.00,0,0,1,'First Name',70),(291,'2021-10-26 18:47:54','2022-09-08 13:34:38','Digital Copy','This is an a la carte item. No need to add to cart if you purchase 5 or more sheets',25.00,0,0,1,'Text # or email address',70),(292,'2021-12-13 21:18:03','2022-09-08 13:34:38','Late Shipping','',5.00,0,1,0,'',70),(293,'2021-12-13 21:18:39','2021-12-13 21:18:39','Late Shiping','',5.00,0,1,0,'',69),(294,'2021-12-13 21:19:08','2021-12-13 21:19:08','Late Shipping','',5.00,0,1,0,'',68),(296,'2021-12-13 21:20:03','2021-12-13 21:20:03','Late Shipping','',5.00,0,1,0,'',66),(301,'2022-02-15 21:19:04','2022-02-15 21:19:04','T. LFCA Lions Tumbler','Purple and Gold w/Name',30.00,1,0,1,'Player Name',67),(302,'2022-03-14 18:22:09','2023-03-14 14:46:57','Student\'s Name and Age? Click Add box','',0.00,0,0,1,'',72),(303,'2022-03-14 18:22:09','2023-03-14 14:46:57','Digital Copy Only. Click Add','',30.00,0,0,0,'',72),(304,'2022-03-14 18:22:09','2023-03-14 14:46:57','Class Photo','',12.00,1,0,0,'',72),(307,'2022-03-14 21:32:02','2024-12-02 18:58:56','Digital Copy Only. Click Add','',30.00,0,0,0,'',73),(308,'2022-03-14 21:32:02','2024-12-02 18:58:56','Class Photo','',12.00,1,0,0,'',73),(309,'2022-03-14 21:35:19','2024-12-02 18:58:56','Name on Prints','Add your child\'s name to all prints',5.00,0,0,1,'Add Name',73),(320,'2022-05-02 16:51:29','2023-04-24 18:37:17','\"Our Graduate\" 8x10','',30.00,1,0,0,'',76),(321,'2022-05-02 16:51:29','2023-04-24 18:37:17','Digital Copy Only - Individual','',30.00,0,0,0,'',76),(322,'2022-05-02 16:51:29','2023-04-24 18:37:17','Digital Copy Only - \"Our Graduate\"','',35.00,0,0,0,'',76),(323,'2022-05-02 16:51:29','2023-04-24 18:37:17','Digital Copy Only - Individual and \"Our Graduate\"','',45.00,0,0,0,'',76),(330,'2022-05-03 01:46:21','2023-04-24 18:37:43','5x7 Class Picture','',10.00,1,0,0,'',79),(331,'2022-05-03 01:46:21','2023-04-24 18:37:43','Personality 8x10','',30.00,1,0,0,'',79),(332,'2022-05-03 01:46:21','2023-04-24 18:37:43','When I Grow Up 8x10','',15.00,1,0,0,'',79),(333,'2022-05-03 01:46:21','2023-04-24 18:37:43','Digital Copy Only - Individual','',30.00,0,0,0,'',79),(334,'2022-05-03 01:46:21','2023-04-24 18:37:43','Digital Copy Only - Personality','',35.00,0,0,0,'',79),(335,'2022-05-03 01:46:21','2023-04-24 18:37:43','Digital Copy Only - Individual and Personality','',45.00,0,0,0,'',79),(337,'2022-09-18 13:36:42','2022-11-20 20:13:51','Name on Prints','',5.00,0,0,1,'First Name',80),(338,'2022-09-18 13:36:42','2022-11-20 20:13:51','Digital Copy','This is an a la carte item. No need to add to cart if you purchase 5 or more sheets',35.00,0,0,1,'Text # or email address',80),(342,'2022-09-18 13:51:25','2022-11-20 20:13:51','School Hoodie','',40.00,1,0,1,'Choose Gray or White.  Size (Youth S-XL, Adult S-2X)',80),(343,'2022-09-18 13:51:25','2022-11-20 20:13:51','School Long Sleeve Tee','',25.00,1,0,1,'Choose Gray or White. Size (Youth S-XL, Adult S-2X)',80),(344,'2022-09-18 14:04:32','2022-11-20 20:13:51','School Tumbler','20 oz. Stainless w/ Name and Proverbs 28:1',25.00,1,0,1,'First Name',80),(345,'2022-09-29 17:24:19','2023-01-25 23:53:22','A. 9x12 Plaque w/ TeamMate','Black',30.00,1,0,0,'',81),(346,'2022-09-29 17:24:19','2023-01-25 23:53:22','B. 9x12 Plaque w/Team Photo','Black',30.00,1,0,0,'',81),(347,'2022-09-29 17:24:19','2023-01-25 23:53:22','C. 8x10 TeamMatel','w/Easel',20.00,1,0,0,'',81),(348,'2022-09-29 17:24:19','2023-01-25 23:53:22','E. 8x10 Team Photo','w/Easel',15.00,1,0,0,'',81),(349,'2022-09-29 17:24:19','2023-01-25 23:53:22','F. 8x10 Individual','w/Easel',15.00,1,0,1,'Player Name and Jersey Number',81),(350,'2022-09-29 17:24:19','2023-01-25 23:53:22','G. 5x7 Team','',12.00,1,0,0,'',81),(351,'2022-09-29 17:24:19','2023-01-25 23:53:22','H. 5x7 Individual','',12.00,1,0,1,'Player Name and Jersey Number',81),(352,'2022-09-29 17:24:19','2023-01-25 23:53:22','G & H Combo','5x7 of Team and Individual',20.00,1,0,1,'Player Name and Jersey Number',81),(353,'2022-09-29 17:31:49','2023-01-25 23:53:22','I. (2) 5x7s of Individual','',14.00,1,0,1,'Player Name and Jersey Number',81),(354,'2022-09-29 17:31:49','2023-01-25 23:53:22','J. (4) 3.5x5s of Individual','',14.00,1,0,1,'Player Name and Jersey Number',81),(355,'2022-09-29 17:35:19','2023-01-25 23:53:22','K. 8 Wallets','',14.00,1,0,1,'Player Name and Jersey Number',81),(356,'2022-09-29 17:35:19','2023-01-25 23:53:22','N. 11x17 Laminated Poster','',35.00,1,0,1,'Player Name and Jersey Number',81),(357,'2022-09-29 17:35:19','2023-01-25 23:53:22','O. 3\" Photo Button','',10.00,1,0,1,'Player Name and Jersey Number',81),(358,'2022-09-29 17:35:19','2023-01-25 23:53:22','P. 5x7 Photo Magnet','',15.00,1,0,1,'Player Name and Jersey Number',81),(359,'2022-09-29 17:35:19','2023-01-25 23:53:22','Q. (2) 3.5x5 Photo Magnets','',15.00,1,0,1,'Player Name and Jersey Number',81),(360,'2022-09-29 17:39:38','2023-01-25 23:53:22','R. (4) 5x7 Magnets','',45.00,1,0,1,'Player Name and Jersey Number',81),(361,'2022-09-29 17:39:38','2023-01-25 23:53:22','S. Acrylic Keychain','',8.00,1,0,1,'Player Name and Jersey Number',81),(362,'2022-09-29 17:39:38','2023-01-25 23:53:22','U. Photo Dog Tag','',15.00,1,0,1,'Player Name and Jersey Number',81),(363,'2022-09-29 17:39:38','2023-01-25 23:53:22','W. Coffee Mug w/Photo','',15.00,1,0,1,'Player Name and Jersey Number',81),(364,'2022-09-29 17:39:38','2023-01-25 23:53:22','X. Stainless Tumbler w/Name','20 oz.',25.00,1,0,1,'Player Name and Jersey Number',81),(365,'2022-09-29 17:47:27','2023-01-25 23:53:22','Y. Bag Tag','2- sided',8.00,1,0,1,'Player Name and Jersey Number',81),(366,'2022-09-29 17:47:27','2023-01-25 23:53:22','Z. Digital Copy of Individual','',35.00,1,0,1,'Player Name and Jersey Number',81),(369,'2022-10-18 22:47:26','2023-05-22 13:33:44','Name on Prints','',5.00,0,0,1,'First Name',83),(370,'2022-10-18 22:47:26','2023-05-22 13:33:44','Digital Copy','This is an a la carte item. No need to add to cart if you purchase 5 or more sheets. Allow 24 hours for delivery',35.00,0,0,1,'Text # or email address',83),(373,'2022-10-18 22:47:26','2023-05-22 13:33:44','School Tumbler','16 oz. Stainless w/ Photo',25.00,1,0,1,'Lid Color- Yellow/Blue, Navy/Green, Pink/Dark Pink, or Purple/Pink',83),(374,'2022-10-24 20:22:10','2022-11-20 20:14:07','Name on Prints','',5.00,0,0,1,'Type Name Here',84),(375,'2022-10-24 20:22:10','2022-11-20 20:14:07','5x7 Class Picture','',10.00,1,0,0,'',84),(376,'2022-10-24 20:22:10','2022-11-20 20:14:07','Digital Copy Only','This is an a la carte item. No need to add to cart if you purchase 5 or more sheets. Allow 24 hours for delivery',35.00,0,0,0,'',84),(378,'2022-11-20 20:11:55','2022-11-20 20:14:07','Late Shipping','',5.00,0,1,1,'Enter Mailing Address',84),(379,'2022-11-20 20:12:32','2023-05-22 13:33:44','Late/Shipping','',5.00,0,1,1,'Enter Mailing Address',83),(381,'2022-11-20 20:13:51','2022-11-20 20:13:51','Late Shipping','',5.00,0,1,1,'Enter Mailing Address',80),(385,'2023-03-14 14:46:57','2023-03-14 14:46:57','Late shipping','',5.00,0,1,0,'',72),(386,'2023-03-14 14:49:13','2023-05-22 13:33:23','Closer crop','Add to order if you prefer to crop photo at knees',0.00,0,0,0,'First Name',86),(387,'2023-03-14 14:49:13','2023-05-22 13:33:23','Digital Copy','This is an a la carte item. No need to add to cart if you purchase 5 or more sheets. Allow 24 hours for delivery',35.00,0,0,1,'Text # or email address',86),(388,'2023-03-14 14:49:13','2023-05-22 13:33:23','School Tumbler','16 oz. Stainless w/ Photo',30.00,1,0,1,'Lid Color- Yellow/Blue, Navy/Green, Pink/Dark Pink, or Purple/Pink',86),(390,'2023-03-14 14:53:04','2023-05-22 13:33:23','Mouse Pad','w/ photo',10.00,1,0,0,'',86),(391,'2023-03-14 14:53:04','2023-05-22 13:33:23','Photo Keychain','1.75 x 2.5',8.00,1,0,1,'Student\'s first name',86),(392,'2023-03-14 14:53:04','2023-05-22 13:33:23','Class 5x7','',10.00,1,0,0,'',86),(393,'2023-03-14 14:59:41','2023-05-22 13:33:23','First name on all prints','',5.00,0,0,1,'Student\'s first name',86),(395,'2023-03-17 01:02:14','2023-05-22 13:32:51','Digital Copy','This is an a la carte item. No need to add to cart if you purchase 5 or more sheets. Allow 24 hours for delivery',35.00,0,0,1,'Text # or email address',87),(396,'2023-03-17 01:02:14','2023-05-22 13:32:51','School Tumbler','20 oz. Stainless',25.00,1,0,1,'Student\'s First Name',87),(397,'2023-03-17 01:02:14','2023-05-22 13:32:51','Coffee Mug','w/ photo on 2 sides',15.00,1,0,0,'',87),(398,'2023-03-17 01:02:14','2023-05-22 13:32:51','Photo Keychain','1.75 x 2.5',8.00,1,0,1,'Student\'s first name',87),(399,'2023-03-17 01:02:14','2023-05-22 13:32:51','Class 5x7','',10.00,1,0,0,'',87),(400,'2023-03-17 01:02:14','2023-05-22 13:32:51','First name on all prints','',5.00,0,0,1,'Student\'s first name',87),(401,'2023-04-24 15:16:19','2023-05-10 18:08:12','\"Our Graduate\" 8x10','',30.00,1,0,0,'',88),(402,'2023-04-24 15:16:19','2023-05-10 18:08:12','Digital Copy Only - Individual','',30.00,0,0,0,'',88),(403,'2023-04-24 15:16:19','2023-05-10 18:08:12','Digital Copy Only - \"Our Graduate\"','',35.00,0,0,0,'',88),(404,'2023-04-24 15:16:19','2023-05-10 18:08:12','Digital Copy Only - Individual and \"Our Graduate\"','',45.00,0,0,0,'',88),(405,'2023-04-24 15:22:20','2023-05-10 18:08:12','Graduation button','',10.00,1,0,0,'',88),(406,'2023-04-24 18:33:32','2023-06-12 12:11:59','5x7 Class Picture','',10.00,1,0,0,'',89),(407,'2023-04-24 18:33:32','2023-06-12 12:11:59','Personality 8x10','',30.00,1,0,0,'',89),(408,'2023-04-24 18:33:32','2023-06-12 12:11:59','When I Grow Up 8x10','',15.00,1,0,0,'',89),(409,'2023-04-24 18:33:32','2023-06-12 12:11:59','Digital Copy Only - Individual','',30.00,0,0,0,'',89),(410,'2023-04-24 18:33:32','2023-06-12 12:11:59','Digital Copy Only - Personality','',35.00,0,0,0,'',89),(411,'2023-04-24 18:33:32','2023-06-12 12:11:59','Digital Copy Only - Individual and Personality','',45.00,0,0,0,'',89),(412,'2023-04-24 18:36:31','2023-06-12 12:11:59','Graduation Photo Button','',10.00,1,0,0,'',89),(413,'2023-04-24 18:37:17','2023-04-24 18:37:17','Late/Shipping','',5.00,0,1,0,'',76),(414,'2023-04-24 18:37:43','2023-04-24 18:37:43','Late/Shipping','',5.00,0,1,0,'',79),(415,'2023-04-25 13:48:52','2023-05-22 13:32:51','8th Grade Career 8x10','',35.00,1,0,0,'',87),(416,'2023-05-10 18:08:12','2023-05-10 18:08:12','Late/Shipping','',5.00,0,1,0,'Will be mailed to',88),(417,'2023-05-22 13:32:51','2023-05-22 13:32:51','Late/Shipping','',5.00,0,1,0,'',87),(418,'2023-05-22 13:33:23','2023-05-22 13:33:23','Late/Shipping','',5.00,0,1,0,'',86),(419,'2023-06-12 12:11:59','2023-06-12 12:11:59','Late/Shipping','',5.00,0,1,0,'',89),(420,'2023-10-11 01:05:12','2023-12-12 16:11:06','Name on Prints','',5.00,0,0,1,'First Name',90),(421,'2023-10-11 01:05:12','2023-12-12 16:11:06','Digital Copy','This is an a la carte item. No need to add to cart if you purchase 5 or more sheets',35.00,0,0,1,'Text # or email address',90),(424,'2023-10-11 01:05:12','2023-12-12 16:11:06','School Tumbler','20 oz. Stainless w/ Name and Proverbs 28:1',25.00,1,0,1,'First Name',90),(426,'2023-10-23 22:19:43','2023-12-12 16:10:39','Name on Prints','',5.00,0,0,1,'First Name',91),(427,'2023-10-23 22:19:43','2023-12-12 16:10:39','Digital Copy','This is an a la carte item. No need to add to cart if you purchase 5 or more sheets',35.00,0,0,1,'Text # or email address',91),(428,'2023-10-23 22:19:43','2023-12-12 16:10:39','Coffee Mug w/photo','',15.00,1,0,0,'First Name',91),(429,'2023-10-24 13:10:20','2024-12-02 19:01:37','A. 9x12 Plaque w/ TeamMate','Black',30.00,1,0,0,'',92),(430,'2023-10-24 13:10:20','2024-12-02 19:01:37','B. Digital Copy of Individual Photo','',35.00,0,0,0,'',92),(431,'2023-10-24 13:10:20','2024-12-02 19:01:37','C. 8x10 TeamMatel','w/Easel',20.00,1,0,0,'',92),(432,'2023-10-24 13:10:20','2024-12-02 19:01:37','E. 8x10 Team Photo','w/Easel',15.00,1,0,0,'',92),(433,'2023-10-24 13:10:20','2024-12-02 19:01:37','F. 8x10 Individual','w/Easel',15.00,1,0,1,'Player Name and Jersey Number',92),(434,'2023-10-24 13:10:20','2024-12-02 19:01:37','G. 5x7 Team','',12.00,1,0,0,'',92),(435,'2023-10-24 13:10:20','2024-12-02 19:01:37','H. 5x7 Individual','',12.00,1,0,1,'Player Name and Jersey Number',92),(436,'2023-10-24 13:10:20','2024-12-02 19:01:37','G & H Combo','5x7 of Team and Individual',20.00,1,0,1,'Player Name and Jersey Number',92),(437,'2023-10-24 13:10:20','2024-12-02 19:01:37','I. (2) 5x7s of Individual','',14.00,1,0,1,'Player Name and Jersey Number',92),(438,'2023-10-24 13:10:20','2024-12-02 19:01:37','J. (4) 3.5x5s of Individual','',14.00,1,0,1,'Player Name and Jersey Number',92),(439,'2023-10-24 13:10:20','2024-12-02 19:01:37','K. 8 Wallets','',14.00,1,0,1,'Player Name and Jersey Number',92),(440,'2023-10-24 13:10:20','2024-12-02 19:01:37','N. 11x17 Laminated Poster','',35.00,1,0,1,'Player Name and Jersey Number',92),(441,'2023-10-24 13:10:20','2024-12-02 19:01:37','O. 3\" Photo Button','',10.00,1,0,1,'Player Name and Jersey Number',92),(442,'2023-10-24 13:10:20','2024-12-02 19:01:37','P. 5x7 Photo Magnet','',15.00,1,0,1,'Player Name and Jersey Number',92),(443,'2023-10-24 13:10:20','2024-12-02 19:01:37','Q. (2) 3.5x5 Photo Magnets','',15.00,1,0,1,'Player Name and Jersey Number',92),(444,'2023-10-24 13:10:20','2024-12-02 19:01:37','R. (4) 5x7 Magnets','',45.00,1,0,1,'Player Name and Jersey Number',92),(445,'2023-10-24 13:10:20','2024-12-02 19:01:37','S. Acrylic Keychain','',8.00,1,0,1,'Player Name and Jersey Number',92),(446,'2023-10-24 13:10:20','2024-12-02 19:01:37','U. Photo Dog Tag','',15.00,1,0,1,'Player Name and Jersey Number',92),(447,'2023-10-24 13:10:20','2024-12-02 19:01:37','W. Coffee Mug w/Photo','',15.00,1,0,1,'Player Name and Jersey Number',92),(448,'2023-10-24 13:10:20','2024-12-02 19:01:37','X. 26oz. Stainless Player Bottle w/Name','',30.00,1,0,1,'Player Name and Jersey Number',92),(451,'2023-10-26 15:16:09','2023-12-12 16:09:42','Name on Prints','',5.00,0,0,1,'Type Name Here',93),(452,'2023-10-26 15:16:09','2023-12-12 16:09:42','5x7 Class Picture','',10.00,1,0,0,'',93),(453,'2023-10-26 15:16:09','2023-12-12 16:09:42','Digital Copy Only','This is an a la carte item. No need to add to cart if you purchase 5 or more sheets. Allow 24 hours for delivery',35.00,0,0,1,'Email',93),(455,'2023-12-12 16:08:24','2023-12-12 16:09:42','Late/Shipping','',5.00,0,1,0,'Mailing address',93),(457,'2023-12-12 16:10:39','2023-12-12 16:10:39','Late/Shipping','',5.00,0,1,0,'',91),(458,'2023-12-12 16:11:06','2023-12-12 16:11:06','Late/Shipping','',5.00,0,1,0,'',90),(459,'2024-02-04 19:35:00','2024-12-02 19:01:37','Y. Career 8x10','',35.00,1,0,0,'',92),(460,'2024-02-04 19:35:00','2024-12-02 19:01:37','Z. Career 20x30','',65.00,1,0,0,'',92),(461,'2024-03-12 12:43:16','2024-05-06 14:42:28','Closer crop','Add to order if you prefer to crop photo at knees',0.00,0,0,0,'First Name',94),(462,'2024-03-12 12:43:16','2024-05-06 14:42:28','Digital Copy','This is an a la carte item. No need to add to cart if you purchase 5 or more sheets. Allow 24 hours for delivery',35.00,0,0,1,'Text # or email address',94),(465,'2024-03-12 12:43:16','2024-05-06 14:42:28','Photo Keychain','1.75 x 2.5',8.00,1,0,1,'Student\'s first name',94),(466,'2024-03-12 12:43:16','2024-05-06 14:42:28','Class 5x7','',10.00,1,0,0,'',94),(467,'2024-03-12 12:43:16','2024-05-06 14:42:28','First name on all prints','',5.00,0,0,1,'Student\'s first name',94),(469,'2024-03-18 09:59:42','2024-05-06 14:42:28','Coffee Mug','',15.00,1,0,0,'',94),(471,'2024-03-26 02:27:14','2024-05-21 01:25:58','Digital Copy','This is an a la carte item. No need to add to cart if you purchase 5 or more sheets. Allow 24 hours for delivery',35.00,0,0,1,'Text # or email address',95),(472,'2024-03-26 02:27:14','2024-05-21 01:25:58','Photo Keychain','1.75 x 2.5',8.00,1,0,1,'Student\'s first name',95),(473,'2024-03-26 02:27:14','2024-05-21 01:25:58','Class 5x7','',10.00,1,0,0,'',95),(474,'2024-03-26 02:27:14','2024-05-21 01:25:58','First name on all prints','',5.00,0,0,1,'Student\'s first name',95),(475,'2024-03-26 02:27:14','2024-05-21 01:25:58','Coffee Mug','',15.00,1,0,0,'',95),(476,'2024-04-22 15:05:12','2024-05-06 14:41:55','\"Our Graduate\" 8x10','',30.00,1,0,0,'',96),(477,'2024-04-22 15:05:12','2024-05-06 14:41:55','Digital Copy Only - Individual','',30.00,0,0,0,'',96),(478,'2024-04-22 15:05:12','2024-05-06 14:41:55','Digital Copy Only - \"Our Graduate\"','',35.00,0,0,0,'',96),(479,'2024-04-22 15:05:12','2024-05-06 14:41:55','Digital Copy Only - Individual and \"Our Graduate\"','',45.00,0,0,0,'',96),(480,'2024-04-22 15:05:12','2024-05-06 14:41:55','Graduation button','',10.00,1,0,0,'',96),(482,'2024-04-22 15:11:12','2024-05-06 14:41:55','Graduate Necklace','2 sided w/ name on back',15.00,1,0,1,'Name',96),(483,'2024-05-03 17:57:29','2024-05-21 01:26:33','5x7 Class Picture','',10.00,1,0,0,'',97),(484,'2024-05-03 17:57:29','2024-05-21 01:26:33','Personality 8x10','',30.00,1,0,0,'',97),(485,'2024-05-03 17:57:29','2024-05-21 01:26:33','When I Grow Up 8x10','',15.00,1,0,0,'',97),(486,'2024-05-03 17:57:29','2024-05-21 01:26:33','Digital Copy Only - Individual','Delivered to your email within 24 hours',30.00,0,0,0,'',97),(487,'2024-05-03 17:57:29','2024-05-21 01:26:33','Digital Copy Only - Personality','Delivered to your email within 24 hours',35.00,0,0,0,'',97),(488,'2024-05-03 17:57:29','2024-05-21 01:26:33','Digital Copy Only - Individual and Personality','Delivered to your email within 24 hours',45.00,0,0,0,'',97),(489,'2024-05-03 17:57:29','2024-05-21 01:26:33','Graduation Photo Button','',10.00,1,0,0,'',97),(491,'2024-05-06 14:41:55','2024-05-06 14:41:55','Late/Shipping','',5.00,0,1,0,'',96),(492,'2024-05-06 14:42:28','2024-05-06 14:42:28','Late/Shipping','',5.00,0,1,0,'',94),(493,'2024-05-21 01:25:58','2024-05-21 01:25:58','Late/Shipping','',5.00,0,1,0,'',95),(494,'2024-05-21 01:26:33','2024-05-21 01:26:33','Late/Shipping','',5.00,0,1,0,'',97),(496,'2024-09-18 23:52:50','2026-03-06 22:36:30','Digital Copy','This is an a la carte item. No need to add to cart if you purchase 5 or more sheets',35.00,0,0,1,'Text # or email address',98),(499,'2024-09-18 23:54:40','2026-03-06 22:36:30','Photo Keychain','',8.00,1,0,1,'Student\'s first name',98),(502,'2024-09-24 21:21:18','2026-03-06 22:36:30','Name on all prints','Add your child\'s first name to all prints',5.00,0,0,1,'Name',98),(503,'2024-10-18 15:21:26','2024-12-03 17:56:31','Late/shipping','',5.00,0,1,1,'Your Address',99),(504,'2024-10-21 11:42:58','2024-12-03 17:56:31','5x7 Team Photo','',10.00,1,0,0,'',99),(505,'2024-10-21 11:42:58','2024-12-03 17:56:31','5x7 Individual','',10.00,1,0,0,'',99),(506,'2024-10-23 14:01:12','2025-11-14 14:39:30','Name on Prints','',5.00,0,0,1,'Type Name Here',100),(507,'2024-10-23 14:01:12','2025-11-14 14:39:30','5x7 Class Picture','',10.00,1,0,0,'',100),(508,'2024-10-23 14:01:12','2025-11-14 14:39:30','Digital Copy Only','This is an a la carte item. No need to add to cart if you purchase 5 or more sheets. Allow 24 hours for delivery',35.00,0,0,1,'Email',100),(509,'2024-10-23 14:01:12','2025-11-14 14:39:30','Christmas Ornament','',12.00,1,0,1,'Name',100),(510,'2024-10-23 14:03:57','2025-11-14 14:39:30','Photo Keychain','',8.00,1,0,1,'Name',100),(516,'2024-11-12 13:31:06','2024-12-03 17:54:56','FREE Digital Copy w/ 5 or more sheets','',0.00,0,0,1,'Choose Fall or Christmas',101),(517,'2024-11-12 13:31:06','2024-12-03 17:54:56','Digital Copy','A la Carte',35.00,0,0,1,'Fall or Christmas and email',101),(518,'2024-11-12 13:31:06','2024-12-03 17:54:56','Both Digital Copies','Both Fall and Christmas',55.00,0,0,1,'Email',101),(519,'2024-11-12 13:31:06','2024-12-03 17:54:56','Coffee Mug','',15.00,1,0,1,'Fall or Christmas',101),(520,'2024-11-12 13:31:06','2024-12-03 17:54:56','Christmas Ornament','',15.00,1,0,0,'',101),(521,'2024-11-12 13:31:06','2024-12-03 17:54:56','Acrylic Keychain','',8.00,1,0,1,'Fall or Christmas',101),(522,'2024-11-13 20:41:51','2024-12-03 17:54:56','Late/shipping','',5.00,0,1,1,'Your address',101),(523,'2024-12-02 18:58:56','2024-12-02 18:58:56','Late/shipping','',5.00,0,1,0,'',73),(525,'2024-12-02 19:01:37','2024-12-02 19:01:37','Late/shipping','',5.00,0,1,0,'',92),(526,'2024-12-03 17:55:44','2025-11-14 14:39:30','Late/shipping','',5.00,0,1,1,'Your address',100),(527,'2024-12-03 17:57:46','2026-03-06 22:36:30','Late/shipping','',5.00,0,1,1,'Your address',98),(528,'2025-01-06 18:45:18','2025-01-27 15:43:07','Optional Mail to Your Home','Otherwise, FREE delivery to school',5.00,0,0,1,'Your Address',102),(529,'2025-01-06 18:45:18','2025-01-27 15:43:07','A. 9x12 Plaque','Black w/TeamMate',30.00,1,0,0,'',102),(530,'2025-01-06 18:45:18','2025-01-27 15:43:07','B. Digital Copy of Individual','',30.00,0,0,1,'Choose Pose A or B',102),(531,'2025-01-06 19:08:54','2025-01-27 15:43:07','C. TeamMate','8x10 with team and individual photo w/ photo easel',20.00,1,0,0,'',102),(532,'2025-01-06 19:08:54','2025-01-27 15:43:07','E. 8x10 Team Photo','w/Photo Easel',15.00,1,0,0,'',102),(533,'2025-01-06 19:08:54','2025-01-27 15:43:07','F. 8x10 Individual','15.00',15.00,1,0,1,'Choose Pose A or B',102),(534,'2025-01-06 19:08:54','2025-01-27 15:43:07','G. 5x7 Team Photo','',12.00,1,0,0,'',102),(535,'2025-01-06 19:08:54','2025-01-27 15:43:07','H. 5x7 Individual Photo','',12.00,1,0,1,'Choose Pose A or B',102),(536,'2025-01-06 19:08:54','2025-01-27 15:43:07','G and H','',20.00,1,0,1,'Choose Pose A or B',102),(537,'2025-01-06 19:08:54','2025-01-27 15:43:07','I. (2) 5x7s Individual','',14.00,1,0,1,'Choose Pose A or B',102),(538,'2025-01-06 19:08:54','2025-01-27 15:43:07','J. (4) 3.5x5s Individual','',14.00,1,0,1,'Choose Pose A or B',102),(539,'2025-01-07 01:10:13','2025-01-27 15:43:07','K. (8) Wallets','',14.00,1,0,1,'Choose Pose A or B',102),(540,'2025-01-07 01:10:13','2025-01-27 15:43:07','L. 3\" Photo Button','',10.00,1,0,1,'Choose Pose A or B',102),(541,'2025-01-07 01:10:13','2025-01-27 15:43:07','M. 5x7 Photo Magnet','',15.00,1,0,1,'Choose Pose A or B',102),(542,'2025-01-07 01:10:13','2025-01-27 15:43:07','N. (2) 3.5x5 Photo Magnets','',15.00,1,0,1,'Choose Pose A or B',102),(543,'2025-01-07 01:10:13','2025-01-27 15:43:07','P. (4) 5x7 Photo Magnets','',45.00,1,0,1,'Choose Pose A or B',102),(544,'2025-01-07 01:10:13','2025-01-27 15:43:07','R. Acrylic Keychain','',8.00,1,0,1,'Choose Pose A or B',102),(545,'2025-01-07 01:10:13','2025-01-27 15:43:07','S. Dog Tag','',18.00,1,0,1,'Choose Pose A or B',102),(546,'2025-01-07 01:10:13','2025-01-27 15:43:07','T. 3.5\" Bag Tag','',8.00,1,0,0,'',102),(547,'2025-01-07 01:10:13','2025-01-27 15:43:07','U. 26 oz. Stainless Player Bottle','',25.00,1,0,0,'',102),(548,'2025-01-07 01:10:13','2025-01-27 15:43:07','V. 20 oz. Tumbler w/Photo','',30.00,1,0,1,'Choose Pose A or B',102),(549,'2025-01-07 01:10:13','2025-01-27 15:43:07','W. Personalized Decal','',5.00,1,0,0,'',102),(550,'2025-01-07 01:10:13','2025-01-27 15:43:07','X. Photo Coffee Mug','',15.00,1,0,1,'Choose Pose A or B',102),(551,'2025-01-07 01:10:13','2025-01-27 15:43:07','Y. Photo Basketball','4 panels w/photo, team, name and school',60.00,1,0,1,'Choose Pose A or B',102),(552,'2025-03-09 18:53:14','2025-05-05 22:51:39','Closer crop','Add to order if you prefer to crop photo at knees',0.00,0,0,0,'First Name',103),(553,'2025-03-09 18:53:14','2025-05-05 22:51:39','Digital Copy','This is an a la carte item. No need to add to cart if you purchase 5 or more sheets. Allow 24 hours for delivery',35.00,0,0,1,'Text # or email address',103),(554,'2025-03-09 18:53:14','2025-05-05 22:51:39','Photo Keychain','1.75 x 2.5',8.00,1,0,1,'Student\'s first name',103),(555,'2025-03-09 18:53:14','2025-05-05 22:51:39','Class 5x7','',10.00,1,0,0,'',103),(556,'2025-03-09 18:53:14','2025-05-05 22:51:39','First name on all prints','',5.00,0,0,1,'Student\'s first name',103),(557,'2025-03-09 18:53:14','2025-05-05 22:51:39','Coffee Mug','',15.00,1,0,0,'',103),(559,'2025-03-09 19:57:52','2025-05-05 22:51:39','Late/Shipping','',5.00,0,1,1,'Address',103),(561,'2025-03-25 12:21:31','2025-05-13 12:54:22','Digital Copy','This is an a la carte item. No need to add to cart if you purchase 5 or more sheets. Allow 24 hours for delivery',35.00,0,0,1,'Text # or email address',104),(562,'2025-03-25 12:21:31','2025-05-13 12:54:22','Photo Keychain','1.75 x 2.5',8.00,1,0,1,'Student\'s first name',104),(563,'2025-03-25 12:21:31','2025-05-13 12:54:22','Class 5x7','',10.00,1,0,0,'',104),(564,'2025-03-25 12:21:31','2025-05-13 12:54:22','First name on all prints','',5.00,0,0,1,'Student\'s first name',104),(565,'2025-03-25 12:21:31','2025-05-13 12:54:22','Coffee Mug','',15.00,1,0,0,'',104),(566,'2025-03-25 12:21:31','2025-05-13 12:54:22','Late/Shipping','',5.00,0,1,1,'Address',104),(567,'2025-04-21 14:11:46','2025-05-13 12:53:49','\"Our Graduate\" 8x10','',30.00,1,0,0,'',105),(568,'2025-04-21 14:11:46','2025-05-13 12:53:49','Digital Copy Only - Individual','',30.00,0,0,0,'',105),(569,'2025-04-21 14:11:46','2025-05-13 12:53:49','Digital Copy Only - \"Our Graduate\"','',35.00,0,0,0,'',105),(570,'2025-04-21 14:11:46','2025-05-13 12:53:49','Digital Copy Only - Individual and \"Our Graduate\"','',45.00,0,0,0,'',105),(573,'2025-04-21 14:11:46','2025-05-13 12:53:49','Late/Shipping','',5.00,0,1,1,'Address',105),(574,'2025-04-25 21:12:12','2025-05-13 12:53:09','\"Personality\" 8x10','',30.00,1,0,0,'',106),(575,'2025-04-25 21:12:12','2025-05-13 12:53:09','Digital Copy Only - Individual','',30.00,0,0,0,'',106),(576,'2025-04-25 21:12:12','2025-05-13 12:53:09','Digital Copy Only - \"Personality\"','',35.00,0,0,0,'',106),(577,'2025-04-25 21:12:12','2025-05-13 12:53:09','Digital Copy Only - Individual and \"Personality\"','',45.00,0,0,0,'',106),(578,'2025-04-25 21:12:12','2025-05-13 12:53:09','Graduation button','',10.00,1,0,1,'Name',106),(579,'2025-04-25 21:12:12','2025-05-13 12:53:09','Graduate Necklace','2 sided w/ name on back',15.00,1,0,1,'Name',106),(580,'2025-04-25 21:12:12','2025-05-13 12:53:09','Late/Shipping','',5.00,0,1,1,'Address',106),(581,'2025-04-25 21:19:16','2025-05-13 12:53:09','\"When We Grow Up\" 8x10','',15.00,1,0,0,'',106),(587,'2025-04-25 21:22:05','2025-05-13 12:52:28','Late/Shipping','',5.00,0,1,1,'Address',107),(588,'2025-04-25 21:30:18','2025-05-13 12:52:28','Digital Copy of Individual','',30.00,0,0,0,'',107),(589,'2025-04-25 21:30:18','2025-05-13 12:52:28','Digital Copy of K-Grad collage','',35.00,0,0,0,'',107),(590,'2025-04-25 21:30:18','2025-05-13 12:52:28','Digital Copies of Individual and K-Grad Collage','',45.00,0,0,0,'',107),(591,'2025-04-25 21:30:18','2025-05-13 12:52:28','Class 5x7','',10.00,1,0,0,'',107),(596,'2025-09-17 17:49:39','2025-11-25 18:16:27','B. Digital Copy of Individual','Sent to your email',35.00,0,0,0,'',108),(597,'2025-09-17 17:49:39','2025-11-25 18:16:27','C. 8x10 TeamMate w/Photo easel','',20.00,1,0,0,'',108),(598,'2025-09-17 17:49:39','2025-11-25 18:16:27','E. 8x10 Team Photo w/Photo Easel','',15.00,1,0,0,'',108),(599,'2025-09-17 17:49:39','2025-11-25 18:16:27','F. 8x10 Individual Photo w/Photo Easel','',15.00,1,0,0,'',108),(600,'2025-09-17 17:49:39','2025-11-25 18:16:27','G. 5x7 Team','',12.00,1,0,0,'',108),(601,'2025-09-17 17:49:39','2025-11-25 18:16:27','H. 5x7 Individual','',12.00,1,0,0,'',108),(602,'2025-09-17 17:49:39','2025-11-25 18:16:27','G & H','',20.00,1,0,0,'',108),(603,'2025-09-17 17:49:39','2025-11-25 18:16:27','I. 2- 5x7s Individual','',14.00,1,0,0,'',108),(604,'2025-09-17 17:49:39','2025-11-25 18:16:27','J. 4- 3.5x5 Individual','',14.00,1,0,0,'',108),(605,'2025-09-17 17:57:04','2025-11-25 18:16:27','K. 8- wallets','',14.00,1,0,0,'',108),(606,'2025-09-17 17:57:04','2025-11-25 18:16:27','L. Photo Button','',8.00,1,0,0,'',108),(607,'2025-09-17 17:57:04','2025-11-25 18:16:27','M. 5x7 Photo Magnet','',15.00,1,0,0,'',108),(608,'2025-09-17 17:57:04','2025-11-25 18:16:27','N. 2- 3.5x5 Photo Magnets','',15.00,1,0,0,'',108),(609,'2025-09-17 17:57:04','2025-11-25 18:16:27','P. 4- 5x7 Photo Magnets','',45.00,1,0,0,'',108),(615,'2025-09-17 17:57:04','2025-11-25 18:16:27','W. Personalized Decal','',5.00,1,0,0,'',108),(617,'2025-09-17 18:18:24','2025-11-25 18:15:35','Digital Copy','This is an a la carte item. No need to add to cart if you purchase 5 or more sheets',35.00,0,0,1,'Text # or email address',109),(622,'2025-09-17 18:18:24','2025-11-25 18:15:35','Name on all prints','Add your child\'s first name to all prints',5.00,0,0,1,'Name',109),(624,'2025-09-19 22:25:09','2025-11-25 18:15:35','Late/Shipping','Otherwise, pictures will be delivered to school for FREE',5.00,0,1,1,'Address',109),(625,'2025-09-23 22:44:40','2025-11-25 18:16:27','Late/Shipping','Otherwise, photos will be delivered to school FREE',5.00,0,1,1,'Address',108),(626,'2025-09-25 00:04:42','2025-11-25 18:16:27','Y. Personalized Sticker Sheet','',15.00,1,0,0,'',108),(627,'2025-10-22 23:43:00','2025-11-25 18:15:19','Digital Copy','This is an a la carte item. No need to add to cart if you purchase 5 or more sheets',35.00,0,0,1,'Text # or email address',110),(631,'2025-10-22 23:43:00','2025-11-25 18:15:19','Name on all prints','Add your child\'s first name to all prints',5.00,0,0,1,'Name',110),(632,'2025-10-22 23:43:00','2025-11-25 18:15:19','Late/Shipping','',5.00,0,1,1,'Address',110),(633,'2025-10-22 23:45:47','2025-11-25 18:15:19','Class 5x7','This is an a la carte item. No need to add to cart if you purchase 3 or more sheets',10.00,1,0,0,'',110),(634,'2025-11-05 13:58:41','2025-11-25 18:14:58','FREE Digital Copy w/ 5 or more sheets','Be sure to check \"Add to Order\"',0.00,0,0,1,'Choose Fall or Christmas',111),(635,'2025-11-05 13:58:41','2025-11-25 18:14:58','Digital Copy','A la Carte',35.00,0,0,1,'Fall or Christmas and email',111),(636,'2025-11-05 13:58:41','2025-11-25 18:14:58','Both Digital Copies','Both Fall and Christmas',55.00,0,0,1,'Email',111),(640,'2025-11-05 13:58:41','2025-11-25 18:14:58','Late/Shipping','Otherwise, photos will be delivered to school for FREE',5.00,0,1,1,'Your address',111),(641,'2026-01-08 02:32:29','2026-01-30 16:09:32','B. Digital Copy of Individual','Sent to your email',35.00,0,0,0,'',112),(642,'2026-01-08 02:32:29','2026-01-30 16:09:32','C. 8x10 TeamMate w/Photo easel','',20.00,1,0,0,'',112),(643,'2026-01-08 02:32:29','2026-01-30 16:09:32','E. 8x10 Team Photo w/Photo Easel','',15.00,1,0,0,'',112),(644,'2026-01-08 02:32:29','2026-01-30 16:09:32','F. 8x10 Individual Photo w/Photo Easel','',15.00,1,0,0,'',112),(645,'2026-01-08 02:32:29','2026-01-30 16:09:32','G. 5x7 Team','',12.00,1,0,0,'',112),(646,'2026-01-08 02:32:29','2026-01-30 16:09:32','H. 5x7 Individual','',12.00,1,0,0,'',112),(647,'2026-01-08 02:32:29','2026-01-30 16:09:32','G & H','',20.00,1,0,0,'',112),(648,'2026-01-08 02:32:29','2026-01-30 16:09:32','I. 2- 5x7s Individual','',14.00,1,0,0,'',112),(649,'2026-01-08 02:32:29','2026-01-30 16:09:32','J. 4- 3.5x5 Individual','',14.00,1,0,0,'',112),(650,'2026-01-08 02:32:29','2026-01-30 16:09:32','K. 8- wallets','',14.00,1,0,0,'',112),(651,'2026-01-08 02:32:29','2026-01-30 16:09:32','L. Photo Button','',8.00,1,0,0,'',112),(652,'2026-01-08 02:32:29','2026-01-30 16:09:32','M. 5x7 Photo Magnet','',15.00,1,0,0,'',112),(653,'2026-01-08 02:32:29','2026-01-30 16:09:32','N. 2- 3.5x5 Photo Magnets','',15.00,1,0,0,'',112),(654,'2026-01-08 02:32:29','2026-01-30 16:09:32','P. 4- 5x7 Photo Magnets','',45.00,1,0,0,'',112),(655,'2026-01-08 02:32:29','2026-01-30 16:09:32','T. Personalized Decal','',5.00,1,0,0,'',112),(657,'2026-01-08 02:32:29','2026-01-30 16:09:32','Y. Personalized Sticker Sheet','',15.00,1,0,0,'',112),(658,'2026-01-08 02:40:19','2026-01-30 16:09:32','A. 9x12 Plaque','Black w/TeamMate',32.00,1,0,0,'',112),(659,'2026-01-08 02:40:19','2026-01-30 16:09:32','R. Acrylic Keychain','',8.00,1,0,0,'',112),(660,'2026-01-08 02:40:19','2026-01-30 16:09:32','S. Dog Tag w/Photo','',18.00,1,0,0,'',112),(661,'2026-01-08 02:40:19','2026-01-30 16:09:32','U. Photo Coffee Mug','',15.00,1,0,0,'',112),(662,'2026-01-08 02:40:19','2026-01-30 16:09:32','V. Braided Lanyard/Keychain','',12.00,1,0,0,'',112),(663,'2026-01-08 02:40:19','2026-01-30 16:09:32','W. Photo Tickets','',10.00,1,0,0,'',112),(664,'2026-01-30 16:09:32','2026-01-30 16:09:32','* Add a plaque to Pkg. 1','If not ordering Pkg. 1, please add the plaque from the above letter A individual item',20.00,0,0,0,'',112),(666,'2026-03-16 21:41:53','2026-03-16 21:45:05','Digital Copy','This is an a la carte item. No need to add to cart if you purchase 5 or more sheets. Allow 24 hours for delivery',35.00,0,0,1,'Text # or email address',113),(667,'2026-03-16 21:41:53','2026-03-16 21:45:05','Photo Keychain','1.75 x 2.5',8.00,1,0,1,'Student\'s first name',113),(668,'2026-03-16 21:41:53','2026-03-16 21:45:05','Class 5x7','Free with purchase of 3 sheets or more or Sibling Package',10.00,1,0,0,'',113),(669,'2026-03-16 21:41:53','2026-03-16 21:45:05','First name on all prints','',5.00,0,0,1,'Student\'s first name',113),(670,'2026-03-16 21:41:53','2026-03-16 21:45:05','Coffee Mug','',15.00,1,0,0,'',113),(671,'2026-03-16 21:41:53','2026-03-16 21:45:05','Mail to your home','Otherwise, all orders will be delivered to school for free',5.00,0,0,1,'Address',113),(672,'2026-03-25 21:11:57','2026-03-25 21:15:39','Digital Copy','This is an a la carte item. No need to add to cart if you purchase 5 or more sheets. Allow 24 hours for delivery',35.00,0,0,1,'Text # or email address',114),(673,'2026-03-25 21:11:57','2026-03-25 21:15:39','Photo Keychain','1.75 x 2.5',8.00,1,0,1,'Student\'s first name',114),(674,'2026-03-25 21:11:57','2026-03-25 21:15:39','Class 5x7','',10.00,1,0,0,'',114),(675,'2026-03-25 21:11:57','2026-03-25 21:15:39','First name on all prints','',5.00,0,0,1,'Student\'s first name',114),(676,'2026-03-25 21:11:57','2026-03-25 21:15:39','Coffee Mug','',15.00,1,0,0,'',114),(677,'2026-03-25 21:11:57','2026-03-25 21:15:39','Ship to home','Otherwise, photos will be delivered to school for free',5.00,0,0,1,'Address',114),(678,'2026-03-25 21:15:39','2026-03-25 21:15:39','Crop at top of bench','',0.00,0,0,0,'',114);
/*!40000 ALTER TABLE `items` ENABLE KEYS */;
UNLOCK TABLES;

--
-- Table structure for table `migrations`
--

DROP TABLE IF EXISTS `migrations`;
/*!40101 SET @saved_cs_client     = @@character_set_client */;
/*!40101 SET character_set_client = utf8 */;
CREATE TABLE `migrations` (
  `id` int(10) unsigned NOT NULL AUTO_INCREMENT,
  `migration` varchar(255) COLLATE utf8mb4_unicode_ci NOT NULL,
  `batch` int(11) NOT NULL,
  PRIMARY KEY (`id`)
) ENGINE=InnoDB AUTO_INCREMENT=11 DEFAULT CHARSET=utf8mb4 COLLATE=utf8mb4_unicode_ci;
/*!40101 SET character_set_client = @saved_cs_client */;

--
-- Dumping data for table `migrations`
--

LOCK TABLES `migrations` WRITE;
/*!40000 ALTER TABLE `migrations` DISABLE KEYS */;
INSERT INTO `migrations` VALUES (1,'2014_10_12_000000_create_users_table',1),(2,'2014_10_12_100000_create_password_resets_table',1),(3,'2014_10_12_200000_add_two_factor_columns_to_users_table',1),(4,'2019_08_19_000000_create_failed_jobs_table',1),(5,'2019_12_14_000001_create_personal_access_tokens_table',1),(6,'2021_12_31_181635_create_sessions_table',1),(7,'2022_01_09_215404_create_projects_table',1),(8,'2022_01_09_215939_create_packages_table',1),(9,'2022_01_09_220150_create_items_table',1),(10,'2022_10_04_145846_add_package_input_label',2);
/*!40000 ALTER TABLE `migrations` ENABLE KEYS */;
UNLOCK TABLES;

--
-- Table structure for table `packages`
--

DROP TABLE IF EXISTS `packages`;
/*!40101 SET @saved_cs_client     = @@character_set_client */;
/*!40101 SET character_set_client = utf8 */;
CREATE TABLE `packages` (
  `id` int(10) unsigned NOT NULL AUTO_INCREMENT,
  `created_at` timestamp NOT NULL DEFAULT '0000-00-00 00:00:00',
  `updated_at` timestamp NOT NULL DEFAULT '0000-00-00 00:00:00',
  `name` varchar(255) COLLATE utf8mb3_unicode_ci NOT NULL,
  `description` text COLLATE utf8mb3_unicode_ci NOT NULL,
  `price` decimal(8,2) NOT NULL,
  `sheet_options` int(10) unsigned NOT NULL,
  `project_id` int(10) unsigned NOT NULL,
  `input_label` varchar(255) COLLATE utf8mb3_unicode_ci NOT NULL DEFAULT '',
  PRIMARY KEY (`id`)
) ENGINE=InnoDB AUTO_INCREMENT=104 DEFAULT CHARSET=utf8mb3 COLLATE=utf8mb3_unicode_ci;
/*!40101 SET character_set_client = @saved_cs_client */;

--
-- Dumping data for table `packages`
--

LOCK TABLES `packages` WRITE;
/*!40000 ALTER TABLE `packages` DISABLE KEYS */;
INSERT INTO `packages` VALUES (1,'2015-09-03 13:52:00','2015-09-03 13:52:00','Test Package','This is a test package with a few sheet choices.',40.00,2,1,''),(3,'2015-10-25 14:09:23','2015-10-25 14:13:45','Package 1','8x10 TeamMate and 5x7 photo magnet',23.00,0,10,''),(4,'2015-10-25 14:24:03','2015-10-25 14:31:45','Package 2','You pick 3 sheets',30.00,3,10,''),(5,'2015-10-25 14:38:45','2015-10-25 14:38:45','Package 3','9x12 Plaque w/TeamMate, 5x7 Magnet, and 3 sheets of your choice!',45.00,3,10,''),(6,'2015-11-07 15:08:13','2015-11-07 15:08:13','Package 1','8x10 TeamMate and 5x7 photo magnet',23.00,0,11,''),(7,'2015-11-07 15:08:13','2015-11-07 15:08:13','Package 2','You pick 3 sheets',30.00,3,11,''),(8,'2015-11-07 15:08:13','2015-11-07 15:08:13','Package 3','9x12 Plaque w/TeamMate, 5x7 Magnet, and 3 sheets of your choice!',45.00,3,11,''),(12,'2016-03-14 13:45:50','2016-03-14 13:45:50','Package 1','8x10 TeamMate and 5x7 photo magnet',23.00,0,15,''),(13,'2016-03-14 13:45:50','2016-03-14 13:45:50','Package 2','You pick 3 sheets',30.00,3,15,''),(14,'2016-03-14 13:45:50','2016-03-14 13:45:50','Package 3','9x12 Plaque w/TeamMate, 5x7 Magnet, and 3 sheets of your choice!',45.00,3,15,''),(15,'2016-05-01 19:17:05','2016-05-01 19:21:55','Graduation Package','Includes: 1- Personality 8x10\r\n  1- When I Grow Up 8x10\r\n  1- Class Photo 5x7\r\n  plus 3 Individual Photos of your choice',59.00,3,17,''),(16,'2016-05-10 23:58:39','2016-05-11 00:03:03','Graduation Package','Includes 1- \"Our Graduate\" 8x10, 3- \"Individual\" sheets of your choice, plus a FREE Digital Copy sent to your phone or email',45.00,3,18,''),(17,'2016-09-11 22:32:28','2016-09-11 22:32:28','Package 1','8x10 TeamMate and 5x7 photo magnet',23.00,0,20,''),(18,'2016-09-11 22:32:28','2016-09-11 22:32:28','Package 2','You pick 3 sheets',30.00,3,20,''),(19,'2016-09-11 22:32:28','2016-09-11 22:32:28','Package 3','9x12 Plaque w/TeamMate, 5x7 Magnet, and 3 sheets of your choice!',45.00,3,20,''),(20,'2016-11-25 17:22:10','2016-11-25 17:22:10','Package 1','8x10 TeamMate and 5x7 photo magnet',23.00,0,23,''),(21,'2016-11-25 17:22:10','2016-11-25 17:22:10','Package 2','You pick 3 sheets',30.00,3,23,''),(22,'2016-11-25 17:22:10','2016-11-25 17:22:10','Package 3','9x12 Plaque w/TeamMate, 5x7 Magnet, and 3 sheets of your choice!',45.00,3,23,''),(23,'2017-03-09 01:09:15','2017-03-09 01:09:15','Package 1','8x10 TeamMate and 5x7 photo magnet',23.00,0,25,''),(24,'2017-03-09 01:09:15','2017-03-09 01:09:15','Package 2','You pick 3 sheets',30.00,3,25,''),(25,'2017-03-09 01:09:15','2017-03-09 01:09:15','Package 3','9x12 Plaque w/TeamMate, 5x7 Magnet, and 3 sheets of your choice!',45.00,3,25,''),(26,'2017-04-22 20:43:13','2017-04-22 20:43:13','Graduation Package','Includes: 1- Personality 8x10\r\n  1- When I Grow Up 8x10\r\n  1- Class Photo 5x7\r\n  plus 3 Individual Photos of your choice',59.00,3,27,''),(27,'2017-04-24 19:02:19','2017-04-24 19:02:19','Graduation Package','Includes 1- \"Our Graduate\" 8x10, 3- \"Individual\" sheets of your choice, plus a FREE Digital Copy sent to your phone or email',45.00,3,28,''),(28,'2017-09-18 18:04:19','2017-09-18 18:04:19','Package 1','8x10 TeamMate and 5x7 photo magnet',23.00,0,30,''),(29,'2017-09-18 18:04:19','2017-09-18 18:04:19','Package 2','You pick 3 sheets',30.00,3,30,''),(30,'2017-09-18 18:04:19','2017-09-18 18:04:19','Package 3','9x12 Plaque w/TeamMate, 5x7 Magnet, and 3 sheets of your choice!',45.00,3,30,''),(31,'2017-09-18 18:07:36','2017-09-18 18:07:36','Package 1','8x10 TeamMate and 5x7 photo magnet',23.00,0,31,''),(32,'2017-09-18 18:07:36','2017-09-18 18:07:36','Package 2','You pick 3 sheets',30.00,3,31,''),(33,'2017-09-18 18:07:36','2017-09-18 18:07:36','Package 3','9x12 Plaque w/TeamMate, 5x7 Magnet, and 3 sheets of your choice!',45.00,3,31,''),(34,'2018-03-15 00:32:51','2018-03-15 00:32:51','Package 1','8x10 TeamMate and 5x7 photo magnet',23.00,0,35,''),(35,'2018-03-15 00:32:51','2018-03-15 00:32:51','Package 2','You pick 3 sheets',30.00,3,35,''),(36,'2018-03-15 00:32:51','2018-03-15 00:32:51','Package 3','9x12 Plaque w/TeamMate, 5x7 Magnet, and 3 sheets of your choice!',45.00,3,35,''),(37,'2018-04-25 00:45:04','2018-04-25 00:45:04','Graduation Package','Includes 1- \"Our Graduate\" 8x10, 3- \"Individual\" sheets of your choice, plus a FREE Digital Copy sent to your phone or email',45.00,3,37,''),(38,'2018-04-27 00:18:06','2018-04-27 00:18:06','Graduation Package','Includes: 1- Personality 8x10\r\n  1- When I Grow Up 8x10\r\n  1- Class Photo 5x7\r\n  plus 3 Individual Photos of your choice',59.00,3,38,''),(39,'2018-04-27 00:20:54','2018-04-27 00:20:54','Graduation Package','Includes: 1- Personality 8x10\r\n  1- When I Grow Up 8x10\r\n  1- Class Photo 5x7\r\n  plus 3 Individual Photos of your choice',59.00,3,39,''),(40,'2018-09-26 22:29:09','2018-09-26 22:29:09','Package 1','8x10 TeamMate and 5x7 photo magnet',23.00,0,41,''),(41,'2018-09-26 22:29:09','2018-09-26 22:29:09','Package 2','You pick 3 sheets',30.00,3,41,''),(42,'2018-09-26 22:29:09','2018-09-26 22:29:09','Package 3','9x12 Plaque w/TeamMate, 5x7 Magnet, and 3 sheets of your choice!',45.00,3,41,''),(46,'2019-05-07 00:01:07','2019-05-07 00:01:07','Graduation Package','Includes: 1- Personality 8x10\r\n  1- When I Grow Up 8x10\r\n  1- Class Photo 5x7\r\n  plus 3 Individual Photos of your choice',59.00,3,48,''),(47,'2019-05-07 00:04:24','2019-05-07 00:04:24','Graduation Package','Includes 1- \"Our Graduate\" 8x10, 3- \"Individual\" sheets of your choice, plus a FREE Digital Copy sent to your phone or email',45.00,3,49,''),(48,'2021-04-29 15:59:48','2021-04-29 16:16:38','Graduation Package','Includes: 1- Personality 8x10, 1- When I Grow Up 8x10, 1- 5x7 class photo, 3 Individual sheets of your choice, plus Digital Copies of Individual and Personality',59.00,3,64,''),(49,'2021-05-04 15:23:57','2021-05-04 15:24:57','Graduation Package','',45.00,3,65,''),(50,'2021-10-06 23:18:54','2021-10-06 23:41:00','Package 1','8x10 TeamMate w/photo easel and 5x7 magnet',25.00,0,67,''),(51,'2021-10-06 23:42:53','2021-10-06 23:42:53','Package 2','8x10 TeamMate w/photo easel, 8x10 Individual, 2-5x7 Individual photos, 8 wallets',35.00,0,67,''),(52,'2021-10-06 23:45:15','2021-10-06 23:45:15','Package 3','9x12 plaque w/TeamMate, 8x10 Individual w/photo easel, 2- 5x7 Individual photos, 8 Wallets, 5x7 Magnet, plus FREE Digital Copy',55.00,0,67,''),(53,'2021-10-22 14:56:14','2021-10-22 14:56:14','Package 1','8x10 TeamMate w/photo easel and 5x7 magnet',25.00,0,69,''),(54,'2021-10-22 14:56:14','2021-10-22 14:56:14','Package 2','8x10 TeamMate w/photo easel, 8x10 Individual, 2-5x7 Individual photos, 8 wallets',35.00,0,69,''),(55,'2021-10-22 14:56:14','2021-10-22 14:56:14','Package 3','9x12 plaque w/TeamMate, 8x10 Individual w/photo easel, 2- 5x7 Individual photos, 8 Wallets, 5x7 Magnet, plus FREE Digital Copy',55.00,0,69,''),(59,'2022-05-02 16:51:29','2022-05-03 09:52:25','Graduation Package','8x10 \"Our Graduate\", 3 Individual Sheets of your choice, plus FREE Digitals of both',52.00,3,76,''),(61,'2022-05-03 01:46:21','2022-05-03 01:46:54','Graduation Package','Includes: 1- Personality 8x10, 1- When I Grow Up 8x10, 1- 5x7 class photo, 3 Individual sheets of your choice, plus Digital Copies of Individual and Personality',67.00,3,79,''),(62,'2022-05-03 01:51:29','2022-05-03 01:51:29','Personality Package','Includes: 1- Personality 8x10 w/ 3 Individual Sheets of your choice',50.00,3,79,''),(66,'2022-09-29 17:06:06','2023-01-25 23:53:22','Package 1','9x12 TeamMate Plaque, 8x10 Individual w/photo easel, (2) 5x7s, (8) wallets, 5x7 Photo Magnet, Individual Digital Copy',65.00,0,81,'Player\'s Name and Number'),(67,'2022-09-29 17:06:06','2023-01-25 23:53:22','Package 2','8x10 TeamMate w/Photo Easel, 8x10 Individual Photo, (2) 5x7s, (8) wallets',40.00,0,81,'Player\'s Name and Number'),(68,'2022-09-29 17:06:06','2023-01-25 23:53:22','Package 3','8x10 TeamMate w/Photo Easel, 5x7 Magnet',30.00,0,81,'Player\'s Name and Number'),(69,'2023-04-24 15:16:19','2023-05-07 22:55:07','Graduation Package','8x10 \"Our Graduate\", 3 Individual Sheets of your choice, plus FREE Digitals of both.',52.00,3,88,''),(70,'2023-04-24 18:33:32','2023-05-07 22:54:46','Graduation Package','Includes: 1- Personality 8x10, 1- When We Grow Up 8x10, 1- 5x7 class photo, 3 Individual sheets of your choice, plus Digital Copies of Individual and Personality.',67.00,3,89,''),(71,'2023-04-24 18:33:32','2023-04-24 18:33:32','Personality Package','Includes: 1- Personality 8x10 w/ 3 Individual Sheets of your choice',50.00,3,89,''),(72,'2023-04-25 13:48:52','2023-05-08 23:34:24','8th Grade Career Grad Pkg.','Career 8x10, any 3 sheets, group 5x7, plus FREE Digital Copy of Career 8x10.  Foreman, Sanders, Spalding, and Spieker only. All others use Individual Sheets below',60.00,3,87,''),(73,'2023-10-24 13:10:20','2023-10-24 13:10:20','Package 1','9x12 TeamMate Plaque, 8x10 Individual w/photo easel, (2) 5x7s, (8) wallets, 5x7 Photo Magnet, Individual Digital Copy',65.00,0,92,'Player\'s Name and Number'),(74,'2023-10-24 13:10:20','2023-10-24 13:10:20','Package 2','8x10 TeamMate w/Photo Easel, 8x10 Individual Photo, (2) 5x7s, (8) wallets',40.00,0,92,'Player\'s Name and Number'),(75,'2023-10-24 13:10:20','2023-10-24 13:15:47','Package 3','8x10 TeamMate w/Photo Easel, 5x7 Magnet',25.00,0,92,'Player\'s Name and Number'),(76,'2024-04-22 15:05:12','2024-04-22 15:08:03','Graduation Package','8x10 \"Our Graduate\", 3 Individual Sheets of your choice, Graduate Necklace, plus FREE Digitals of both.',62.00,3,96,''),(77,'2024-05-03 17:57:29','2024-05-03 18:03:11','Graduation Package','Includes: 1- Personality 8x10, 1- When We Grow Up 8x10, both 5x7 class photos, 3 Individual sheets of your choice, plus Digital Copies of Individual and Personality.',69.00,3,97,''),(78,'2024-05-03 17:57:29','2024-05-03 17:57:29','Personality Package','Includes: 1- Personality 8x10 w/ 3 Individual Sheets of your choice',50.00,3,97,''),(79,'2024-05-06 14:36:56','2024-05-06 14:36:56','8th  Grade Career Graduation','Includes Career 8x10, any 3 individual sheets, group 5x7, plus FREE Digital Copies of Career and Individual',60.00,3,95,''),(80,'2024-10-16 19:41:58','2024-10-16 19:41:58','Package 1','Digital Copy of Individual, 8x10 TeamMate w/ Photo Easel, 5x7 Photo Magnet',50.00,0,99,'Email for Digital Copy'),(81,'2024-10-16 19:41:58','2024-10-16 19:41:58','Package 2','Digital Copy of Individual, 5x7 Photo Magnet',35.00,0,99,'Email for Digital Copy'),(82,'2024-10-16 19:41:58','2024-10-16 19:41:58','Package 3','Digital Copy of Individual',25.00,0,99,'Email for Digital Copy'),(83,'2025-01-06 18:45:18','2025-01-10 18:28:15','Red Package 1','Digital Copy of Individual, 8x10 TeamMate w/ Photo Easel, 5x7 Photo Magnet',60.00,0,102,'Choose Pose A or B for Magnet and Digital'),(84,'2025-01-06 18:45:18','2025-01-10 18:28:15','Green Package 2','Digital Copy of Both Individual Pose',50.00,0,102,''),(85,'2025-01-06 18:45:18','2025-01-10 18:28:15','Orange Package 3','Digital Copy of Individual, 5x7 Photo Magnet',45.00,0,102,'Choose Pose A or B'),(86,'2025-01-06 19:08:54','2025-01-07 01:10:13','Blue Package 4','8x10 TeamMate w Photo Easel, 8 wallets',30.00,0,102,'Choose Pose A or B for Wallets'),(87,'2025-03-09 19:02:35','2025-03-11 16:59:10','Sibling Package','6 sheets to share plus Free digitals and classes',70.00,6,103,''),(88,'2025-03-25 12:21:31','2025-03-25 12:21:31','Sibling Package','6 sheets to share plus Free digitals and classes',70.00,6,104,''),(89,'2025-04-21 14:11:46','2025-05-05 13:35:30','Graduation Package','8x10 \"Our Graduate\", 3 Individual Sheets of your choice, plus FREE Digitals of both.',62.00,3,105,''),(90,'2025-04-25 21:12:12','2025-04-25 21:19:16','Graduation Package','8x10 Personality, 8x10 \"When We Grow Up\", 5x7 Class, 3 Individual Sheets of your choice, plus FREE Digitals of both. FREE Grad Button and Necklace for a LIMITED TIME.',69.00,3,106,''),(91,'2025-04-25 21:22:05','2025-04-25 21:30:18','K-Grad Package','8x10 K-Grad Collage w/easel, 3 sheets of Individual pose, plus Free digitals (K-Grad and Individual), and classes',65.00,3,107,''),(92,'2025-09-17 17:34:38','2025-09-17 17:40:06','Package 1','Digital Copy of Individual, 8x10 TeamMate w/ Photo Easel, 2-5x7 Individual photos, 5x7 Photo Magnet, Personalized decal',55.00,0,108,'Email for Digital Copy'),(93,'2025-09-17 17:34:38','2025-09-17 17:40:06','Package 2','Digital Copy of Individual, 5x7 Photo Magnet',45.00,0,108,'Email for Digital Copy'),(94,'2025-09-17 17:34:38','2025-09-23 22:44:40','Package 3','8x10 TeamMate w/Photo Easel, 8x10 Individual Photo, 2- 5x7 Individual Photos, 8- wallets',40.00,0,108,''),(95,'2025-09-17 17:40:06','2025-09-17 17:40:06','Package 4','8x10 TeamMate w/Photo Easel, 8- wallets',30.00,0,108,''),(96,'2025-09-17 18:22:49','2025-09-19 22:25:09','Choose your background.','Qty. 1 to select only 1 of the following: A. Yearbook Blue, B. Gray, C. Purple, D. Red Barnwood, E. Fall Leaves',0.00,0,109,'Choose A, B, C, D, or E'),(97,'2025-10-22 23:43:00','2025-10-22 23:43:00','Choose your background.','Qty. 1 to select only 1 of the following: A. Yearbook Blue, B. Gray, C. Purple, D. Red Barnwood, E. Fall Leaves',0.00,0,110,'Choose A, B, C, D, or E'),(98,'2026-01-08 02:32:29','2026-01-29 16:10:53','Package 1','Digital Copy of Individual, 8x10 TeamMate w/ Photo Easel, 2-5x7 Individual photos, 8 wallets, 5x7 Photo Magnet, Personalized decal',55.00,0,112,'Email for Digital Copy'),(99,'2026-01-08 02:32:29','2026-01-08 02:32:29','Package 2','Digital Copy of Individual, 5x7 Photo Magnet',45.00,0,112,'Email for Digital Copy'),(100,'2026-01-08 02:32:29','2026-01-08 02:32:29','Package 3','8x10 TeamMate w/Photo Easel, 8x10 Individual Photo, 2- 5x7 Individual Photos, 8- wallets',40.00,0,112,''),(101,'2026-01-08 02:32:29','2026-01-08 02:32:29','Package 4','8x10 TeamMate w/Photo Easel, 8- wallets',30.00,0,112,'');
/*!40000 ALTER TABLE `packages` ENABLE KEYS */;
UNLOCK TABLES;

--
-- Table structure for table `password_resets`
--

DROP TABLE IF EXISTS `password_resets`;
/*!40101 SET @saved_cs_client     = @@character_set_client */;
/*!40101 SET character_set_client = utf8 */;
CREATE TABLE `password_resets` (
  `email` varchar(255) COLLATE utf8mb4_unicode_ci NOT NULL,
  `token` varchar(255) COLLATE utf8mb4_unicode_ci NOT NULL,
  `created_at` timestamp NULL DEFAULT NULL,
  KEY `password_resets_email_index` (`email`)
) ENGINE=InnoDB DEFAULT CHARSET=utf8mb4 COLLATE=utf8mb4_unicode_ci;
/*!40101 SET character_set_client = @saved_cs_client */;

--
-- Dumping data for table `password_resets`
--

LOCK TABLES `password_resets` WRITE;
/*!40000 ALTER TABLE `password_resets` DISABLE KEYS */;
/*!40000 ALTER TABLE `password_resets` ENABLE KEYS */;
UNLOCK TABLES;

--
-- Table structure for table `personal_access_tokens`
--

DROP TABLE IF EXISTS `personal_access_tokens`;
/*!40101 SET @saved_cs_client     = @@character_set_client */;
/*!40101 SET character_set_client = utf8 */;
CREATE TABLE `personal_access_tokens` (
  `id` bigint(20) unsigned NOT NULL AUTO_INCREMENT,
  `tokenable_type` varchar(255) COLLATE utf8mb4_unicode_ci NOT NULL,
  `tokenable_id` bigint(20) unsigned NOT NULL,
  `name` varchar(255) COLLATE utf8mb4_unicode_ci NOT NULL,
  `token` varchar(64) COLLATE utf8mb4_unicode_ci NOT NULL,
  `abilities` text COLLATE utf8mb4_unicode_ci DEFAULT NULL,
  `last_used_at` timestamp NULL DEFAULT NULL,
  `created_at` timestamp NULL DEFAULT NULL,
  `updated_at` timestamp NULL DEFAULT NULL,
  PRIMARY KEY (`id`),
  UNIQUE KEY `personal_access_tokens_token_unique` (`token`),
  KEY `personal_access_tokens_tokenable_type_tokenable_id_index` (`tokenable_type`,`tokenable_id`)
) ENGINE=InnoDB DEFAULT CHARSET=utf8mb4 COLLATE=utf8mb4_unicode_ci;
/*!40101 SET character_set_client = @saved_cs_client */;

--
-- Dumping data for table `personal_access_tokens`
--

LOCK TABLES `personal_access_tokens` WRITE;
/*!40000 ALTER TABLE `personal_access_tokens` DISABLE KEYS */;
/*!40000 ALTER TABLE `personal_access_tokens` ENABLE KEYS */;
UNLOCK TABLES;

--
-- Table structure for table `projects`
--

DROP TABLE IF EXISTS `projects`;
/*!40101 SET @saved_cs_client     = @@character_set_client */;
/*!40101 SET character_set_client = utf8 */;
CREATE TABLE `projects` (
  `id` int(10) unsigned NOT NULL AUTO_INCREMENT,
  `created_at` timestamp NOT NULL DEFAULT '0000-00-00 00:00:00',
  `updated_at` timestamp NOT NULL DEFAULT '0000-00-00 00:00:00',
  `lookup_id` varchar(255) COLLATE utf8mb3_unicode_ci NOT NULL,
  `directory` varchar(255) COLLATE utf8mb3_unicode_ci NOT NULL,
  `name` varchar(255) COLLATE utf8mb3_unicode_ci NOT NULL,
  `sheet_options` varchar(255) COLLATE utf8mb3_unicode_ci NOT NULL DEFAULT '',
  `sheet_prices` varchar(255) COLLATE utf8mb3_unicode_ci NOT NULL DEFAULT '',
  `sheet_promo` text COLLATE utf8mb3_unicode_ci NOT NULL DEFAULT '',
  PRIMARY KEY (`id`)
) ENGINE=InnoDB AUTO_INCREMENT=115 DEFAULT CHARSET=utf8mb3 COLLATE=utf8mb3_unicode_ci;
/*!40101 SET character_set_client = @saved_cs_client */;

--
-- Dumping data for table `projects`
--

LOCK TABLES `projects` WRITE;
/*!40000 ALTER TABLE `projects` DISABLE KEYS */;
INSERT INTO `projects` VALUES (1,'2015-09-03 13:50:46','2022-02-06 22:50:40','123-45','test-project','Test Project','8X10 (1), 5X7 (2), Wallets (8), Magnets (2)','$12.00, $22.00, $30.00, $41.00, $52.00, $60.00',''),(3,'2015-09-05 00:02:37','2015-09-22 00:15:52','2015lfcafall','2015lfcafall','2015 LFCA fall','8X10 (1), 5X7 (2), Wallets (8), 3.5x5 (4), 5x7 magnet, 3.5x5 magnets (2), 5x7 calendar magnet','$12.00, $22.00, $30.00, $38.00, $45.00, $50.00, $56.00, $62.00','Get a FREE Digital Copy sent to your phone or e-mail with purchase of 5 or more sheets!'),(4,'2015-10-16 14:46:56','2015-10-16 17:09:40','2015caep','2015caep','2015caep','8X10 (1), 5X7 (2), Wallets (8), 3.5x5 (4), 5x7 magnet, 3.5x5 magnets (2), 5x7 calendar magnet','$12.00, $22.00, $30.00, $38.00, $45.00, $50.00, $56.00, $62.00','***FREE 5x7 class photo with 3 or more sheets!***FREE Digital Copy with 5 or more sheets!'),(9,'2015-10-25 11:54:09','2015-10-25 11:54:57','2015pdofall','2015pdofall','2015pdofall','8X10 (1), 5X7 (2), Wallets (8), 3.5x5 (4), 5x7 magnet, 3.5x5 magnets (2), 5x7 calendar magnet','$12.00, $22.00, $30.00, $38.00, $45.00, $50.00, $56.00, $62.00','Get a FREE Digital Copy sent to your phone or e-mail with purchase of 5 or more sheets!'),(10,'2015-10-25 14:08:13','2015-10-25 19:52:12','2015lfcafball','2015lfcafball','2015lfcafball','8x10 TeamMate, 8x10 Individual, 8x10 ESPN Magazine cover, 8x10 Team photo, 5x7s (2), 3.5x5s (4), Wallets (8)','$12.00, $22.00, $30.00, $38.00, $45.00','Spend $45 or more and receive a FREE Digital Copy for your phone or Facebook!'),(11,'2015-11-07 15:08:13','2015-11-07 15:15:41','2015RH','2015RH','2015RH','8x10 TeamMate, 8x10 Individual, 8x10 ESPN Magazine cover, 8x10 BBall var att, 8x10 BBall jv att, 8x10 VBall var 3peat, 8x10 VBall jv att, 5x7s (2), 3.5x5s (4), Wallets (8)','$12.00, $22.00, $30.00, $38.00, $45.00','Spend $45 or more and receive a FREE Digital Copy for your phone or Facebook!'),(13,'2016-03-13 20:18:14','2016-03-13 20:49:03','16lfcaspring','16lfcaspring','16lfcaspring','8X10 (1), 5X7 (2), Wallets (8), 3.5x5 (4), 5x7 magnet, 3.5x5 magnets (2)','$12.00, $22.00, $30.00, $38.00, $45.00, $50.00, $56.00, $62.00','***FREE 5x7 class photo with 3 or more sheets!***FREE Digital Copy with 5 or more sheets!'),(15,'2016-03-14 13:45:50','2016-03-14 13:55:21','16lfcaspsp','16lfcaspsp','16lfcaspsp','8x10 TeamMate, 8x10 Individual, 8x10 ESPN Magazine cover, 8x10 Team photo, 8x10 8th gr Attitude, 5x7s (2), 3.5x5s (4), Wallets (8)','$12.00, $22.00, $30.00, $38.00, $45.00, $50.00, $56.00, $62.00','Spend $45 or more and receive a FREE Digital Copy for your phone or Facebook!'),(16,'2016-04-09 15:22:08','2016-04-09 15:23:59','16lfpdospring','16lfpdospring','16lfpdospring','8X10 (1), 5X7 (2), Wallets (8), 3.5x5 (4), 5x7 magnet, 3.5x5 magnets (2)','$12.00, $22.00, $30.00, $38.00, $45.00, $50.00, $56.00, $62.00','***FREE 5x7 class photo with 3 or more sheets!***FREE Digital Copy with 5 or more sheets!'),(17,'2016-05-01 19:03:27','2016-05-01 19:06:09','16kgrad','16kgrad','16kgrad','8X10 (1), 5X7 (2), Wallets (8), 3.5x5 (4), 5x7 magnet, 3.5x5 magnets (2)','$12.00, $22.00, $30.00, $38.00, $45.00, $50.00, $56.00, $62.00','***FREE 5x7 class photo with 3 or more sheets!***FREE Digital Copy with 5 or more sheets!'),(18,'2016-05-10 23:58:39','2016-05-10 23:59:12','16pdograd','16pdograd','16pdograd','8X10 (1), 5X7 (2), Wallets (8), 3.5x5 (4), 5x7 magnet, 3.5x5 magnets (2)','$12.00, $22.00, $30.00, $38.00, $45.00, $50.00, $56.00, $62.00','***FREE 5x7 class photo with 3 or more sheets!***FREE Digital Copy with 5 or more sheets!'),(19,'2016-09-11 19:37:19','2016-09-14 15:00:20','2016lfcafall','16lfcafall','16lfcafall','8X10 (1), 5X7 (2), Wallets (8), 3.5x5 (4), 5x7 magnet, 3.5x5 magnets (2)','$12.00, $22.00, $30.00, $38.00, $45.00, $50.00, $56.00, $62.00','Get a FREE Digital Copy sent to your phone or e-mail with purchase of 5 or more sheets!'),(20,'2016-09-11 22:32:28','2016-09-11 22:34:14','16lfcavball','16lfcavball','16lfcavball','8x10 TeamMate, 8x10 Individual, 8x10 ESPN Magazine cover, 8x10 Team photo, 8x10 8th gr Attitude, 5x7s (2), 3.5x5s (4), Wallets (8)','$12.00, $22.00, $30.00, $38.00, $45.00, $50.00, $56.00, $62.00','Spend $45 or more and receive a FREE Digital Copy for your phone or Facebook!'),(21,'2016-10-23 18:04:44','2016-11-08 23:55:04','16caep','16caep','16caep','8X10 (1), 5X7 (2), Wallets (8), 3.5x5 (4), 5x7 magnet, 3.5x5 magnets (2)','$12.00, $22.00, $30.00, $38.00, $45.00, $50.00, $56.00, $62.00','***FREE 5x7 class photo with 3 or more sheets!***FREE Digital Copy with 5 or more sheets!'),(22,'2016-11-05 11:28:40','2016-11-05 11:29:30','16pdofall','16pdofall','16pdofall','8X10 (1), 5X7 (2), Wallets (8), 3.5x5 (4), 5x7 magnet, 3.5x5 magnets (2)','$12.00, $22.00, $30.00, $38.00, $45.00, $50.00, $56.00, $62.00','Get a FREE Digital Copy sent to your phone or e-mail with purchase of 5 or more sheets!'),(23,'2016-11-25 17:22:10','2016-11-25 17:22:49','16lfcabball','16lfcabball','16lfcabball','8x10 TeamMate, 8x10 Individual, 8x10 ESPN Magazine cover, 8x10 Team photo, 8x10 8th gr Attitude, 5x7s (2), 3.5x5s (4), Wallets (8)','$12.00, $22.00, $30.00, $38.00, $45.00, $50.00, $56.00, $62.00','Spend $45 or more and receive a FREE Digital Copy for your phone or Facebook!'),(24,'2017-03-08 23:02:23','2017-03-08 23:02:43','17lfcaspring','17lfcaspring','17lfcaspring','8X10 (1), 5X7 (2), Wallets (8), 3.5x5 (4), 5x7 magnet, 3.5x5 magnets (2)','$12.00, $22.00, $30.00, $38.00, $45.00, $50.00, $56.00, $62.00','***FREE 5x7 class photo with 3 or more sheets!***FREE Digital Copy with 5 or more sheets!'),(25,'2017-03-09 01:09:15','2017-03-09 01:10:13','17lfcasball','17lfcasball','17lfcasball','8x10 TeamMate, 8x10 Individual, 8x10 ESPN Magazine cover, 8x10 Team photo, 8x10 8th gr Attitude, 5x7s (2), 3.5x5s (4), Wallets (8)','$12.00, $22.00, $30.00, $38.00, $45.00, $50.00, $56.00, $62.00','Spend $45 or more and receive a FREE Digital Copy for your phone or Facebook!'),(26,'2017-04-09 15:08:39','2017-04-09 15:09:11','17lfpdospring','17lfpdospring','17lfpdospring','8X10 (1), 5X7 (2), Wallets (8), 3.5x5 (4), 5x7 magnet, 3.5x5 magnets (2)','$12.00, $22.00, $30.00, $38.00, $45.00, $50.00, $56.00, $62.00','***FREE 5x7 class photo with 3 or more sheets!***FREE Digital Copy with 5 or more sheets!'),(27,'2017-04-22 20:43:13','2017-04-22 20:44:59','17kgrad','17kgrad','17kgrad','8X10 (1), 5X7 (2), Wallets (8), 3.5x5 (4), 5x7 magnet, 3.5x5 magnets (2)','$12.00, $22.00, $30.00, $38.00, $45.00, $50.00, $56.00, $62.00','***FREE 5x7 class photo with 3 or more sheets!***FREE Digital Copy with 5 or more sheets!'),(28,'2017-04-24 19:02:19','2017-04-24 19:02:37','17pdograd','17pdograd','17pdograd','8X10 (1), 5X7 (2), Wallets (8), 3.5x5 (4), 5x7 magnet, 3.5x5 magnets (2)','$12.00, $22.00, $30.00, $38.00, $45.00, $50.00, $56.00, $62.00','***FREE 5x7 class photo with 3 or more sheets!***FREE Digital Copy with 5 or more sheets!'),(29,'2017-09-17 20:14:19','2017-09-17 20:15:00','17lfcafall','17lfcafall','17lfcafall','8X10 (1), 5X7 (2), Wallets (8), 3.5x5 (4), 5x7 magnet, 3.5x5 magnets (2)','$12.00, $22.00, $30.00, $38.00, $45.00, $50.00, $56.00, $62.00','Get a FREE Digital Copy sent to your phone or e-mail with purchase of 5 or more sheets!'),(30,'2017-09-18 18:04:19','2017-09-18 18:04:19','17lfcasball','17lfcasball','17lfcasball','8x10 TeamMate, 8x10 Individual, 8x10 ESPN Magazine cover, 8x10 Team photo, 8x10 8th gr Attitude, 5x7s (2), 3.5x5s (4), Wallets (8)','$12.00, $22.00, $30.00, $38.00, $45.00, $50.00, $56.00, $62.00','Spend $45 or more and receive a FREE Digital Copy for your phone or Facebook!'),(31,'2017-09-18 18:07:36','2017-09-18 18:08:04','17lfcafs','17lfcafs','17lfcafs','8x10 TeamMate, 8x10 Individual, 8x10 ESPN Magazine cover, 8x10 Team photo, 8x10 8th gr Attitude, 5x7s (2), 3.5x5s (4), Wallets (8)','$12.00, $22.00, $30.00, $38.00, $45.00, $50.00, $56.00, $62.00','Spend $45 or more and receive a FREE Digital Copy for your phone or Facebook!'),(32,'2017-10-09 13:06:17','2017-10-09 13:06:36','17caep','17caep','17caep','8X10 (1), 5X7 (2), Wallets (8), 3.5x5 (4), 5x7 magnet, 3.5x5 magnets (2)','$12.00, $22.00, $30.00, $38.00, $45.00, $50.00, $56.00, $62.00','***FREE 5x7 class photo with 3 or more sheets!***FREE Digital Copy with 5 or more sheets!'),(33,'2017-11-01 00:32:03','2017-11-01 00:32:35','17pdofall','17pdofall','17pdofall','8X10 (1), 5X7 (2), Wallets (8), 3.5x5 (4), 5x7 magnet, 3.5x5 magnets (2)','$12.00, $22.00, $30.00, $38.00, $45.00, $50.00, $56.00, $62.00','Get a FREE Digital Copy sent to your phone or e-mail with purchase of 5 or more sheets!'),(34,'2018-03-14 09:13:02','2018-03-14 09:13:27','18lfcaspring','18lfcaspring','18lfcaspring','8X10 (1), 5X7 (2), Wallets (8), 3.5x5 (4), 5x7 magnet, 3.5x5 magnets (2)','$12.00, $22.00, $30.00, $38.00, $45.00, $50.00, $56.00, $62.00','***FREE 5x7 class photo with 3 or more sheets!***FREE Digital Copy with 5 or more sheets!'),(35,'2018-03-15 00:32:51','2018-03-15 00:38:02','18lfcasb','18lfcasb','18lfcasb','8x10 TeamMate, 8x10 Individual, 8x10 Team photo, 8x10 8th gr Attitude, 5x7s (2), 3.5x5s (4), Wallets (8), 5x7 magnet (1), 3x5 magnet (2)','$12.00, $22.00, $30.00, $38.00, $45.00, $50.00, $56.00, $62.00','Spend $45 or more and receive a FREE Digital Copy for your phone or Facebook!'),(36,'2018-04-08 16:29:14','2018-04-08 16:29:42','18pdospring','18pdospring','18pdospring','8X10 (1), 5X7 (2), Wallets (8), 3.5x5 (4), 5x7 magnet, 3.5x5 magnets (2)','$12.00, $22.00, $30.00, $38.00, $45.00, $50.00, $56.00, $62.00','***FREE 5x7 class photo with 3 or more sheets!***FREE Digital Copy with 5 or more sheets!'),(37,'2018-04-25 00:45:04','2018-04-25 00:45:28','18pdograd','18pdograd','18pdograd','8X10 (1), 5X7 (2), Wallets (8), 3.5x5 (4), 5x7 magnet, 3.5x5 magnets (2)','$12.00, $22.00, $30.00, $38.00, $45.00, $50.00, $56.00, $62.00','***FREE 5x7 class photo with 3 or more sheets!***FREE Digital Copy with 5 or more sheets!'),(38,'2018-04-27 00:18:06','2018-04-27 00:18:06','17kgrad','17kgrad','17kgrad','8X10 (1), 5X7 (2), Wallets (8), 3.5x5 (4), 5x7 magnet, 3.5x5 magnets (2)','$12.00, $22.00, $30.00, $38.00, $45.00, $50.00, $56.00, $62.00','***FREE 5x7 class photo with 3 or more sheets!***FREE Digital Copy with 5 or more sheets!'),(39,'2018-04-27 00:20:54','2018-04-27 00:21:10','18kgrad','18kgrad','18kgrad','8X10 (1), 5X7 (2), Wallets (8), 3.5x5 (4), 5x7 magnet, 3.5x5 magnets (2)','$12.00, $22.00, $30.00, $38.00, $45.00, $50.00, $56.00, $62.00','***FREE 5x7 class photo with 3 or more sheets!***FREE Digital Copy with 5 or more sheets!'),(40,'2018-09-25 02:14:48','2018-09-25 02:15:17','18lfcafall','18lfcafall','18lfcafall','8X10 (1), 5X7 (2), Wallets (8), 3.5x5 (4), 5x7 magnet, 3.5x5 magnets (2)','$12.00, $22.00, $30.00, $38.00, $45.00, $50.00, $56.00, $62.00','Get a FREE Digital Copy sent to your phone or e-mail with purchase of 5 or more sheets!'),(41,'2018-09-26 22:29:09','2018-09-26 22:29:37','18lfcafs','18lfcafs','18lfcafs','8x10 TeamMate, 8x10 Individual, 8x10 ESPN Magazine cover, 8x10 Team photo, 8x10 8th gr Attitude, 5x7s (2), 3.5x5s (4), Wallets (8)','$12.00, $22.00, $30.00, $38.00, $45.00, $50.00, $56.00, $62.00','Spend $45 or more and receive a FREE Digital Copy for your phone or Facebook!'),(42,'2018-10-03 01:32:38','2018-11-18 14:21:27','18caep','18caep','18caep','8X10 (1), 5X7 (2), Wallets (8), 3.5x5 (4), 5x7 magnet, 3.5x5 magnets (2)','$12.00, $22.00, $30.00, $38.00, $45.00, $50.00, $56.00, $62.00','***FREE 5x7 class photo with 3 or more sheets!***FREE Digital Copy with 5 or more sheets!***$5 Late shipping fee for orders after 11/18/2018'),(43,'2018-11-07 21:28:46','2018-11-07 21:29:06','18lfpsfall','18lfpsfall','18lfpsfall','8X10 (1), 5X7 (2), Wallets (8), 3.5x5 (4), 5x7 magnet, 3.5x5 magnets (2)','$12.00, $22.00, $30.00, $38.00, $45.00, $50.00, $56.00, $62.00','Get a FREE Digital Copy sent to your phone or e-mail with purchase of 5 or more sheets!'),(45,'2018-12-09 17:02:08','2019-04-26 22:55:32','18lfcasports','18lfcasports','18lfcasports','8x10 TeamMate, 8x10 Individual, 8x10 SI Magazine cover, 8x10 Team photo, 8x10 8th gr Attitude, 5x7s (2), 3.5x5s (4), Wallets (8), 5x7 Photo Magnet (1), 3.5x5 Photo Magnets (2)','$12.00, $22.00, $30.00, $37.00, $43.00, $49.00, $55.00, $61.00','Buy 5 Items or more and receive a FREE Digital Copy by text or Email!'),(46,'2019-03-13 01:55:46','2019-03-13 01:56:18','19lfcaspring','19lfcaspring','19lfcaspring','8X10 (1), 5X7 (2), Wallets (8), 3.5x5 (4), 5x7 magnet, 3.5x5 magnets (2)','$12.00, $22.00, $30.00, $38.00, $45.00, $50.00, $56.00, $62.00','***FREE 5x7 class photo with 3 or more sheets!***FREE Digital Copy with 5 or more sheets!'),(47,'2019-03-25 00:40:33','2019-03-25 00:41:02','19pdospring','19pdospring','19pdospring','8X10 (1), 5X7 (2), Wallets (8), 3.5x5 (4), 5x7 magnet, 3.5x5 magnets (2)','$12.00, $22.00, $30.00, $38.00, $45.00, $50.00, $56.00, $62.00','***FREE 5x7 class photo with 3 or more sheets!***FREE Digital Copy with 5 or more sheets!'),(48,'2019-05-07 00:01:07','2019-05-07 00:01:55','19kgrad','19kgrad','19kgrad','8X10 (1), 5X7 (2), Wallets (8), 3.5x5 (4), 5x7 magnet, 3.5x5 magnets (2)','$12.00, $22.00, $30.00, $38.00, $45.00, $50.00, $56.00, $62.00','***FREE 5x7 class photo with 3 or more sheets!***FREE Digital Copy with 5 or more sheets!'),(49,'2019-05-07 00:04:24','2019-05-07 00:04:41','19pdograd','19pdograd','19pdograd','8X10 (1), 5X7 (2), Wallets (8), 3.5x5 (4), 5x7 magnet, 3.5x5 magnets (2)','$12.00, $22.00, $30.00, $38.00, $45.00, $50.00, $56.00, $62.00','***FREE 5x7 class photo with 3 or more sheets!***FREE Digital Copy with 5 or more sheets!'),(50,'2019-09-23 22:58:29','2019-09-23 23:07:55','19lfcafall','19lfcafall','19lfcafall','8X10 (1), 5X7 (2), Wallets (8), 3.5x5 (4), 5x7 magnet, 3.5x5 magnets (2)','$12.00, $22.00, $30.00, $38.00, $45.00, $50.00, $56.00, $62.00','Get a FREE Digital Copy sent to your phone or e-mail with purchase of 5 or more sheets! No need to add this to your cart below.'),(51,'2019-09-29 16:15:16','2019-12-05 00:08:13','19lfcasports','19lfcasports','19lfcasports','8x10 TeamMate, 8x10 Individual, 8x10 SI Magazine cover, 8x10 Team photo, 8x10 8th gr Attitude (boys team or girls team), 8x10 8th gr. Attitude (boys and girls), 5x7s (2), 3.5x5s (4), Wallets (8), 5x7 Photo Magnet (1), 3.5x5 Photo Magnets (2)','$12.00, $22.00, $30.00, $37.00, $43.00, $49.00, $55.00, $61.00','Buy 5 Items or more and receive a FREE Digital Copy by text or Email!'),(52,'2019-10-20 19:59:42','2019-10-28 23:05:25','19caep','19caep','19caep','8X10 (1), 5X7 (2), Wallets (8), 3.5x5 (4), 5x7 magnet, 3.5x5 magnets (2)','$12.00, $22.00, $30.00, $38.00, $45.00, $50.00, $56.00, $62.00','***FREE 5x7 class photo with 3 or more sheets!***FREE Digital Copy with 5 or more sheets! Free Digital Copy will be added automatically when you buy 5 sheets or more. You do not need to add it to your order.'),(54,'2019-10-20 20:02:44','2019-10-20 20:03:27','19lfpsfall','19lfpsfall','19lfpsfall','8X10 (1), 5X7 (2), Wallets (8), 3.5x5 (4), 5x7 magnet, 3.5x5 magnets (2)','$12.00, $22.00, $30.00, $38.00, $45.00, $50.00, $56.00, $62.00','Get a FREE Digital Copy sent to your phone or e-mail with purchase of 5 or more sheets! No need to add this to your cart below.'),(55,'2020-03-23 13:17:23','2020-03-23 17:14:11','20lfcheer','20lfcheer','20lfcheer','8x10 TeamMate, 8x10 Individual, 8x10 Magazine cover, 8x10 Team photo, 5x7s (2), 3.5x5s (4), Wallets (8), 5x7 Photo Magnet (1), 3.5x5 Photo Magnets (2)','$12.00, $22.00, $30.00, $37.00, $43.00, $49.00, $55.00, $61.00','Buy 4 Items or more and receive a FREE Digital Copy by text or Email!'),(56,'2020-03-23 14:01:46','2020-03-23 17:11:48','20lfspring','20lfspring','20lfspring','8x10 (1), 5x7s (2), 3.5x5s (4), Wallets (8), 5x7 Photo Magnet (1), 3.5x5 Photo Magnets (2)','$12.00, $22.00, $30.00, $38.00, $45.00, $50.00, $55.00, $60.00','FREE class photo with purchase of 2 or more sheets! Buy 4 or more sheets and receive a FREE Digital Copy by text or Email! No need to add either to cart.'),(58,'2020-09-25 22:53:58','2020-09-25 22:54:36','20caep','20caep','20caep','8X10 (1), 5X7 (2), Wallets (8), 3.5x5 (4), 5x7 magnet, 3.5x5 magnets (2)','$12.00, $22.00, $30.00, $38.00, $45.00, $50.00, $56.00, $62.00','***FREE 5x7 class photo with 3 or more sheets!***FREE Digital Copy with 5 or more sheets! Free Digital Copy will be added automatically when you buy 5 sheets or more. You do not need to add it to your order.'),(59,'2020-09-29 22:37:56','2020-09-29 22:38:24','20lfcafall','20lfcafall','20lfcafall','8X10 (1), 5X7 (2), Wallets (8), 3.5x5 (4), 5x7 magnet, 3.5x5 magnets (2)','$12.00, $22.00, $30.00, $38.00, $45.00, $50.00, $56.00, $62.00','Get a FREE Digital Copy sent to your phone or e-mail with purchase of 5 or more sheets! No need to add this to your cart below.'),(60,'2020-10-09 00:12:02','2020-10-09 00:12:42','20lfcasports','20lfcasports','20lfcasports','8x10 TeamMate, 8x10 Individual, 8x10 Team photo, 8x10 8th gr Attitude (boys team or girls team), 8x10 8th gr. Attitude (boys and girls), 5x7s (2), 3.5x5s (4), Wallets (8), 5x7 Photo Magnet (1), 3.5x5 Photo Magnets (2)','$12.00, $22.00, $30.00, $37.00, $43.00, $49.00, $55.00, $61.00','Buy 5 Items or more and receive a FREE Digital Copy by text or Email!'),(61,'2021-02-07 18:28:25','2021-02-07 18:31:38','21LFCABBALL','21LFCABBALL','21LFCABBALL','8x10 TeamMate, 8x10 Individual, 8x10 Team photo,  5x7s (2), 3.5x5s (4), Wallets (8), 5x7 Photo Magnet (1), 3.5x5 Photo Magnets (2)','$12.00, $22.00, $30.00, $37.00, $43.00, $49.00, $55.00, $61.00','Buy 5 Items or more and receive a FREE Digital Copy by text or Email!'),(62,'2021-03-16 21:29:40','2021-03-16 21:36:33','21lfcaspr','21lfcaspr','21lfcaspr','8x10 (1), 5x7s (2), 3.5x5s (4), Wallets (8), 5x7 Photo Magnet (1), 3.5x5 Photo Magnets (2)','$12.00, $22.00, $30.00, $38.00, $45.00, $50.00, $55.00, $60.00','FREE class photo with purchase of 3 or more sheets! Buy 5 or more sheets and receive a FREE Digital Copy by text or Email! No need to add either to cart.'),(63,'2021-04-20 00:15:17','2021-04-20 00:16:05','21lfpss','21lfpss','21lfpss','8x10 (1), 5x7s (2), 3.5x5s (4), Wallets (8), 5x7 Photo Magnet (1), 3.5x5 Photo Magnets (2)','$12.00, $22.00, $30.00, $38.00, $45.00, $50.00, $55.00, $60.00','FREE class photo with purchase of 3 or more sheets! Buy 5 or more sheets and receive a FREE Digital Copy by text or Email! No need to add either to cart.'),(64,'2021-04-29 15:59:48','2021-04-29 16:00:27','21kgrad','21kgrad','21kgrad','8X10 (1), 5X7 (2), Wallets (8), 3.5x5 (4), 5x7 magnet, 3.5x5 magnets (2)','$12.00, $22.00, $30.00, $38.00, $45.00, $50.00, $56.00, $62.00','***FREE 5x7 class photo with 3 or more sheets!***FREE Digital Copy with 5 or more sheets!'),(65,'2021-05-04 15:23:57','2021-05-04 15:26:11','21psgrad','21psgrad','21psgrad','8X10 (1), 5X7 (2), Wallets (8), 3.5x5 (4), 5x7 magnet, 3.5x5 magnets (2)','$12.00, $22.00, $30.00, $38.00, $45.00, $50.00, $56.00, $62.00','FREE Digital Copy with 5 or more sheets!'),(66,'2021-09-18 23:11:04','2021-10-20 19:56:03','21lfcafall','21lfcafall','21lfcafall','8X10 (1), 5X7 (2), Wallets (8), 3.5x5 (4), 5x7 magnet, 3.5x5 magnets (2)','$12.00, $22.00, $30.00, $38.00, $45.00, $50.00, $56.00, $62.00','Get a FREE Digital Copy sent to your phone or e-mail with purchase of 5 or more sheets! No need to add this to your cart below.'),(67,'2021-10-06 23:17:13','2021-10-06 23:17:13','2122lfsports','2122lfsports','2122lfsports','','',''),(68,'2021-10-18 00:47:59','2021-10-18 00:48:34','21caep','21caep','21caep','8X10 (1), 5X7 (2), Wallets (8), 3.5x5 (4), 5x7 magnet, 3.5x5 magnets (2)','$12.00, $22.00, $30.00, $38.00, $45.00, $50.00, $56.00, $62.00','***FREE 5x7 class photo with 3 or more sheets!***FREE Digital Copy with 5 or more sheets! Free Digital Copy will be added automatically when you buy 5 sheets or more. You do not need to add it to your order.'),(69,'2021-10-22 14:56:14','2021-10-22 14:57:10','21rh','21rh','21rh','','',''),(70,'2021-10-26 18:47:54','2022-09-08 13:34:38','21lfpsfall','21lfpsfall','21lfpsfall','8X10 (1), 5X7 (2), Wallets (8), 3.5x5 (4), 5x7 magnet, 3.5x5 magnets (2),','$12.00, $22.00, $30.00, $38.00, $45.00, $50.00, $56.00, $62.00','Get a FREE Digital Copy sent to your phone or e-mail with purchase of 5 or more sheets! No need to add this to your cart below.'),(72,'2022-03-14 18:22:09','2022-03-14 18:25:20','22lfpss','22lfpss','22lfpss','8x10 (1), 5x7s (2), 3.5x5s (4), Wallets (8), 5x7 Photo Magnet (1), 3.5x5 Photo Magnets (2)','$14.00, $25.00, $35.00, $44.00, $52.00, $58.00, $64.00, $70.00','FREE class photo with purchase of 3 or more sheets! Buy 5 or more sheets and receive a FREE Digital Copy by text or Email! No need to add either to cart.'),(73,'2022-03-14 21:32:02','2022-03-14 21:35:19','22lfcas','22lfcas','22lfcas','8x10 (1), 5x7s (2), 3.5x5s (4), Wallets (8), 5x7 Photo Magnet (1), 3.5x5 Photo Magnets (2)','$14.00, $25.00, $35.00, $44.00, $52.00, $58.00, $64.00, $70.00','FREE class photo with purchase of 3 or more sheets! Buy 5 or more sheets and receive a FREE Digital Copy by text or Email! No need to add either to cart.'),(76,'2022-05-02 16:51:29','2022-05-03 01:43:39','22psgrad','22psgrad','22psgrad','8X10 (1), 5X7 (2), Wallets (8), 3.5x5 (4), 5x7 magnet, 3.5x5 magnets (2)','$14.00, $25.00, $35.00, $44.00, $52.00, $58.00, $64.00, $70.00','FREE Digital Copy with 5 or more sheets!'),(79,'2022-05-03 01:46:21','2022-05-03 21:13:10','22lfgrad','22lfgrad','22lfgrad','8X10 (1), 5X7 (2), Wallets (8), 3.5x5 (4), 5x7 magnet, 3.5x5 magnets (2)','$14.00, $25.00, $35.00, $44.00, $52.00, $58.00, $64.00, $72.00','***FREE 5x7 class photo with 3 or more sheets!***FREE Digital Copy with 5 or more sheets!'),(80,'2022-09-18 13:36:42','2022-09-18 14:10:02','22lfcaf','22lfcaf','22lfcaf','8X10 (1), 5X7 (2), Wallets (8), 3.5x5 (4), 5x7 magnet, 3.5x5 magnets (2), Christmas Ornament, Keychain','$14.00, $25.00, $35.00, $44.00, $52.00, $58.00, $64.00, $70.00','Get a FREE Digital Copy sent to your phone or e-mail with purchase of 5 or more sheets! No need to add this to your cart below.'),(81,'2022-09-29 17:00:37','2022-09-29 17:55:30','2223lfsports','2223lfsports','2223lfsports','','',''),(83,'2022-10-18 22:47:26','2022-10-18 22:47:51','22lfpsf','22lfpsf','22lfpsf','8X10 (1), 5X7 (2), Wallets (8), 3.5x5 (4), 5x7 magnet, 3.5x5 magnets (2), Christmas Ornament, Keychain','$14.00, $25.00, $35.00, $44.00, $52.00, $58.00, $64.00, $70.00','Get a FREE Digital Copy sent to your phone or e-mail with purchase of 5 or more sheets! No need to add this to your cart below.'),(84,'2022-10-24 20:22:10','2022-10-24 20:26:37','22caep','22caep','22caep','8X10 (1), 5X7 (2), Wallets (8), 3.5x5 (4), 5x7 magnet, 3.5x5 magnets (2), Photo Keychain (1), Christmas Ornament (1)','$14.00, $25.00, $35.00, $44.00, $52.00, $58.00, $64.00, $70.00','***FREE 5x7 class photo with 3 or more sheets!***FREE Digital Copy with 5 or more sheets! Free Digital Copy will be added automatically when you buy 5 sheets or more. You do not need to add it to your order.'),(86,'2023-03-14 14:49:13','2023-03-14 14:57:39','23lfpss','23lfpss','23lfpss','8X10 (1), 5X7 (2), Wallets (8), 3.5x5 (4), 5x7 magnet, 3.5x5 magnets (2), Christmas Ornament, Keychain','$14.00, $25.00, $35.00, $44.00, $52.00, $58.00, $64.00, $70.00','Get a FREE Digital Copy sent to your phone or e-mail with purchase of 5 or more items! No need to add this to your cart below. FREE class 5x7 with purchase of 3 or more items. Class photo not available in digital format.'),(87,'2023-03-17 01:02:14','2023-03-17 01:02:36','23lfcas','23lfcas','23lfcas','8X10 (1), 5X7 (2), Wallets (8), 3.5x5 (4), 5x7 magnet, 3.5x5 magnets (2), Christmas Ornament, Keychain','$14.00, $25.00, $35.00, $44.00, $52.00, $58.00, $64.00, $70.00','Get a FREE Digital Copy sent to your phone or e-mail with purchase of 5 or more items! No need to add this to your cart below. FREE class 5x7 with purchase of 3 or more items. Class photo not available in digital format.'),(88,'2023-04-24 15:16:19','2023-04-24 15:16:55','23psgrad','23psgrad','23psgrad','8X10 (1), 5X7 (2), Wallets (8), 3.5x5 (4), 5x7 magnet, 3.5x5 magnets (2)','$14.00, $25.00, $35.00, $44.00, $52.00, $58.00, $64.00, $70.00','FREE Digital Copy with 5 or more sheets!'),(89,'2023-04-24 18:33:32','2023-04-24 18:33:57','23lfgrad','23lfgrad','23lfgrad','8X10 (1), 5X7 (2), Wallets (8), 3.5x5 (4), 5x7 magnet, 3.5x5 magnets (2)','$14.00, $25.00, $35.00, $44.00, $52.00, $58.00, $64.00, $72.00','***FREE 5x7 class photo with 3 or more sheets!***FREE Digital Copy with 5 or more sheets!'),(90,'2023-10-11 01:05:12','2023-10-11 01:05:39','23lfcaf','23lfcaf','23lfcaf','8X10 (1), 5X7 (2), Wallets (8), 3.5x5 (4), 5x7 magnet, 3.5x5 magnets (2), Christmas Ornament, Keychain','$14.00, $25.00, $35.00, $44.00, $52.00, $58.00, $64.00, $70.00','Get a FREE Digital Copy sent to your phone or e-mail with purchase of 5 or more sheets! No need to add this to your cart below.'),(91,'2023-10-23 22:19:43','2023-10-23 22:20:11','23lfpsf','23lfpsf','23lfpsf','8X10 (1), 5X7 (2), Wallets (8), 3.5x5 (4), 5x7 magnet, 3.5x5 magnets (2), Christmas Ornament, Keychain','$14.00, $25.00, $35.00, $44.00, $52.00, $58.00, $64.00, $70.00','Get a FREE Digital Copy sent to your phone or e-mail with purchase of 5 or more sheets! No need to add this to your cart below.'),(92,'2023-10-24 13:10:20','2023-10-24 13:15:47','2324lfsports','2324lfsports','2324lfsports','','',''),(93,'2023-10-26 15:16:09','2023-10-26 15:16:38','23caep','23caep','23caep','8X10 (1), 5X7 (2), Wallets (8), 3.5x5 (4), 5x7 magnet, 3.5x5 magnets (2), Photo Keychain (1), Christmas Ornament (1)','$14.00, $25.00, $35.00, $44.00, $52.00, $58.00, $64.00, $70.00','***FREE 5x7 class photo with 3 or more sheets!***FREE Digital Copy with 5 or more sheets! Free Digital Copy will be added automatically when you buy 5 sheets or more. You do not need to add it to your order.'),(94,'2024-03-12 12:43:16','2024-03-12 12:46:02','24lfpss','24lfpss','24lfpss','8X10 (1), 5X7 (2), Wallets (8), 3.5x5 (4), 5x7 magnet, 3.5x5 magnets (2)','$14.00, $25.00, $35.00, $44.00, $52.00, $58.00, $64.00, $70.00','Get a FREE Digital Copy sent to your phone or e-mail with purchase of 5 or more items! No need to add this to your cart below. FREE class 5x7 with purchase of 3 or more items. Class photo not available in digital format.'),(95,'2024-03-26 02:27:14','2024-03-26 02:28:01','24lfcas','24lfcas','24lfcas','8X10 (1), 5X7 (2), Wallets (8), 3.5x5 (4), 5x7 magnet, 3.5x5 magnets (2)','$14.00, $25.00, $35.00, $44.00, $52.00, $58.00, $64.00, $70.00','Get a FREE Digital Copy sent to your phone or e-mail with purchase of 5 or more items! No need to add this to your cart below. FREE class 5x7 with purchase of 3 or more items. Class photo not available in digital format.'),(96,'2024-04-22 15:05:12','2024-04-22 15:08:03','24psgrad','24psgrad','24psgrad','8X10 (1), 5X7 (2), Wallets (8), 3.5x5 (4), 5x7 magnet, 3.5x5 magnets (2)','$14.00, $25.00, $35.00, $44.00, $52.00, $58.00, $64.00, $70.00','FREE Digital Copy with 5 or more sheets!'),(97,'2024-05-03 17:57:29','2024-05-03 17:58:23','24lfgrad','24lfgrad','24lfgrad','8X10 (1), 5X7 (2), Wallets (8), 3.5x5 (4), 5x7 magnet, 3.5x5 magnets (2)','$14.00, $25.00, $35.00, $44.00, $52.00, $58.00, $64.00, $72.00','***FREE 5x7 class photo with 3 or more sheets!***FREE Digital Copy with 5 or more sheets!'),(98,'2024-09-18 23:52:50','2024-09-18 23:56:47','24lfcaf','24lfcaf','24lfcaf','8X10 (1), 5X7 (2), Wallets (8), 3.5x5 (4), 5x7 magnet, 3.5x5 magnets (2)','$14.00, $25.00, $35.00, $44.00, $52.00, $58.00, $64.00, $70.00','Get a FREE Digital Copy sent to your phone or e-mail with purchase of 5 or more sheets! No need to add this to your cart below.'),(99,'2024-10-16 19:33:27','2024-10-21 11:42:58','2425LFSP','2425LFSP','2425LFSP','1- 8x10 TeamMate, 1- 8x10 Individual, 1- 8x10 Team Photo, 2- 5x7s Individual, 4- 3.5x5s Individual, wallets Individual, 1-5x7 magnet Individual, 2- 3.5x5 magnets Individual','14.00, 25.00, 35.00, 44.00, 52.00, 58.00, 64.00, 70.00','Order 5 sheets or more to get FREE Digital Copy of Individual'),(100,'2024-10-23 14:01:12','2024-10-25 00:43:53','24caep','24caep','24caep','8X10 (1), 5X7 (2), Wallets (8), 3.5x5 (4), 5x7 magnet, 3.5x5 magnets (2)','$14.00, $25.00, $35.00, $44.00, $52.00, $58.00, $64.00, $70.00','***FREE 5x7 class photo with 3 or more sheets!***FREE Digital Copy with 5 or more sheets! Free Digital Copy will be added automatically when you buy 5 sheets or more. You do not need to add it to your order.'),(101,'2024-11-11 23:57:58','2024-11-12 13:31:06','24lfpsf','24lfpsf','24lfpsf','8X10 (1) Fall, 8x10 (1) Christmas, 5X7 (2) Fall, 5x7 (2) Christmas, Wallets (8) Fall, Wallets (8) Christmas, 3.5x5 (4) Fall, 3.5x5 (4) Christmas, 5x7 magnet Fall, 5x7 magnet Christmas, 3.5x5 magnets (2) Fall, 3.5x5 magnets (2) Christmas','$14.00, $25.00, $35.00, $44.00, $52.00, $58.00, $64.00, $70.00','Get a FREE Digital Copy sent to your phone or e-mail with purchase of 5 or more sheets! Choose Fall or Christmas below'),(102,'2025-01-06 18:45:18','2025-01-10 18:28:15','25lfwsp','25lfwsp','25lfwsp','Add a 9x12 Black TeamMate Plaque to any package','20.00','Add a 9x12 Plaque to Packages 1 or 4 for only $20! Click Sheet Quantity below. A la Carte Plaque must be ordered in \"Individual Items and Add-ons.\" Item A'),(103,'2025-03-09 18:53:14','2025-03-09 19:57:52','25lfpss','25lfpss','25lfpss','8X10 (1), 5X7 (2), Wallets (8), 3.5x5 (4), 5x7 magnet, 3.5x5 magnets (2)','$14.00, $25.00, $35.00, $44.00, $52.00, $58.00, $64.00, $70.00','Get a FREE Digital Copy sent to your phone or e-mail with purchase of 5 or more sheets! No need to add this to your cart below. FREE class 5x7 with purchase of 3 or more sheets. Class photo not available in digital format.'),(104,'2025-03-25 12:21:31','2025-03-25 12:22:17','25lfcas','25lfcas','25lfcas','8X10 (1), 5X7 (2), Wallets (8), 3.5x5 (4), 5x7 magnet, 3.5x5 magnets (2)','$14.00, $25.00, $35.00, $44.00, $52.00, $58.00, $64.00, $70.00','Get a FREE Digital Copy sent to your phone or e-mail with purchase of 5 or more sheets! No need to add this to your cart below. FREE class 5x7 with purchase of 3 or more sheets. Class photo not available in digital format.'),(105,'2025-04-21 14:11:46','2025-04-21 14:16:50','25psgrad','25psgrad','25psgrad','8X10 (1), 5X7 (2), Wallets (8), 3.5x5 (4), 5x7 magnet, 3.5x5 magnets (2)','$14.00, $25.00, $35.00, $44.00, $52.00, $58.00, $64.00, $70.00','FREE Digital Copy with 5 or more sheets!'),(106,'2025-04-25 21:12:12','2025-04-25 21:19:16','25kgrad','25kgrad','25kgrad','8X10 (1), 5X7 (2), Wallets (8), 3.5x5 (4), 5x7 magnet, 3.5x5 magnets (2)','$14.00, $25.00, $35.00, $44.00, $52.00, $58.00, $64.00, $70.00','FREE Class 5x7, with 3 or more sheets. FREE Digital Copy with 5 or more sheets!'),(107,'2025-04-25 21:22:05','2025-04-25 21:30:18','25grad8','25grad8','25grad8','8X10 (1), 5X7 (2), Wallets (8), 3.5x5 (4), 5x7 magnet, 3.5x5 magnets (2)','$14.00, $25.00, $35.00, $44.00, $52.00, $58.00, $64.00, $70.00','FREE Class photo w3 or more sheets. FREE Digital Copy sent to your phone or e-mail with purchase of 5 or more sheets! No need to add this to your cart below. FREE class 5x7 with purchase of 3 or more sheets. Class photo not available in digital format.'),(108,'2025-09-17 17:34:38','2025-09-17 17:49:39','25fallsp','25fallsp','25fallsp','','',''),(109,'2025-09-17 18:18:24','2025-09-17 18:18:47','25lfcaf','25lfcaf','25lfcaf','8X10 (1), 5X7 (2), Wallets (8), 3.5x5 (4), 5x7 magnet, 3.5x5 magnets (2)','$14.00, $25.00, $35.00, $44.00, $52.00, $58.00, $64.00, $70.00','Get a FREE Digital Copy sent to your phone or e-mail with purchase of 5 or more sheets! No need to add this to your cart below.'),(110,'2025-10-22 23:43:00','2025-10-22 23:45:47','25caep','25caep','25caep','8X10 (1), 5X7 (2), Wallets (8), 3.5x5 (4), 5x7 magnet, 3.5x5 magnets (2)','$14.00, $25.00, $35.00, $44.00, $52.00, $58.00, $64.00, $70.00','Get a FREE class photo with purchase of 3 or more sheets. Get a FREE Digital Copy sent to your phone or e-mail with purchase of 5 or more sheets! No need to add this to your cart below.'),(111,'2025-11-05 13:58:41','2025-11-05 14:00:49','25lfpsf','25lfpsf','25lfpsf','8X10 (1) Fall, 8x10 (1) Christmas, 5X7 (2) Fall, 5x7 (2) Christmas, Wallets (8) Fall, Wallets (8) Christmas, 3.5x5 (4) Fall, 3.5x5 (4) Christmas, 5x7 magnet Fall, 5x7 magnet Christmas, 3.5x5 magnets (2) Fall, 3.5x5 magnets (2) Christmas','$14.00, $25.00, $35.00, $44.00, $52.00, $58.00, $64.00, $70.00','Get a FREE Digital Copy sent to your phone or e-mail with purchase of 5 or more sheets! Choose Fall or Christmas below'),(112,'2026-01-08 02:32:29','2026-01-08 02:40:58','26wintersp','26wintersp','26wintersp','','',''),(113,'2026-03-16 21:41:53','2026-03-16 21:45:05','26lfpss','26lfpss','26lfpss','8X10 (1), 5X7 (2), Wallets (8), 3.5x5 (4), 5x7 magnet, 3.5x5 magnets (2)','$14.00, $25.00, $35.00, $44.00, $52.00, $58.00, $64.00, $70.00','Get a FREE Digital Copy sent to your phone or e-mail with purchase of 5 or more sheets! No need to add this to your cart below. FREE class 5x7 with purchase of 3 or more sheets. Class photo not available in digital format.'),(114,'2026-03-25 21:11:57','2026-03-25 21:13:35','26lfcas','26lfcas','26lfcas','8X10 (1), 5X7 (2), Wallets (8), 3.5x5 (4), 5x7 magnet, 3.5x5 magnets (2)','$14.00, $25.00, $35.00, $44.00, $52.00, $58.00, $64.00, $70.00','Get a FREE Digital Copy sent to your phone or e-mail with purchase of 5 or more sheets! No need to add this to your cart below. FREE class 5x7 with purchase of 3 or more sheets. Class photo not available in digital format.');
/*!40000 ALTER TABLE `projects` ENABLE KEYS */;
UNLOCK TABLES;

--
-- Table structure for table `sessions`
--

DROP TABLE IF EXISTS `sessions`;
/*!40101 SET @saved_cs_client     = @@character_set_client */;
/*!40101 SET character_set_client = utf8 */;
CREATE TABLE `sessions` (
  `id` varchar(255) COLLATE utf8mb4_unicode_ci NOT NULL,
  `user_id` bigint(20) unsigned DEFAULT NULL,
  `ip_address` varchar(45) COLLATE utf8mb4_unicode_ci DEFAULT NULL,
  `user_agent` text COLLATE utf8mb4_unicode_ci DEFAULT NULL,
  `payload` text COLLATE utf8mb4_unicode_ci NOT NULL,
  `last_activity` int(11) NOT NULL,
  PRIMARY KEY (`id`),
  KEY `sessions_user_id_index` (`user_id`),
  KEY `sessions_last_activity_index` (`last_activity`)
) ENGINE=InnoDB DEFAULT CHARSET=utf8mb4 COLLATE=utf8mb4_unicode_ci;
/*!40101 SET character_set_client = @saved_cs_client */;

--
-- Dumping data for table `sessions`
--

LOCK TABLES `sessions` WRITE;
/*!40000 ALTER TABLE `sessions` DISABLE KEYS */;
INSERT INTO `sessions` VALUES ('0ghW5hgLt3kuMwcTUNLf2mz8VyMeTmQjHtfoFenH',NULL,'166.194.188.67','Mozilla/5.0 (Linux; Android 10; K) AppleWebKit/537.36 (KHTML, like Gecko) Chrome/143.0.0.0 Mobile Safari/537.36','YTozOntzOjY6Il90b2tlbiI7czo0MDoiMGxyNnFsaDZrQm8yMFVaaDBwanV0OXpUM2JQQmFOdk12SWtSYWh4bSI7czo5OiJfcHJldmlvdXMiO2E6MTp7czozOiJ1cmwiO3M6MjA6Imh0dHBzOi8va2RpcGhvdG8uY29tIjt9czo2OiJfZmxhc2giO2E6Mjp7czozOiJvbGQiO2E6MDp7fXM6MzoibmV3IjthOjA6e319fQ==',1774704789),('2DTk64XOHqnS4T0Pra1MoaP8Q3KMdGAL6LYrDolx',NULL,'179.181.11.10','Go-http-client/1.1','YTozOntzOjY6Il90b2tlbiI7czo0MDoiMnhMNFVSZUhKUGt1NXBhbUZaUk5NSVN4VEcwZ2xCdm5sTXh1eWdDQyI7czo5OiJfcHJldmlvdXMiO2E6MTp7czozOiJ1cmwiO3M6MjE6Imh0dHA6Ly8xOC4yMTcuMTYzLjIwMyI7fXM6NjoiX2ZsYXNoIjthOjI6e3M6Mzoib2xkIjthOjA6e31zOjM6Im5ldyI7YTowOnt9fX0=',1774700738),('5aCnb3v5BYdZHaum9aLK2mbUK0k5uZtSyP2raTSd',NULL,'54.176.213.141','Mozilla/5.0 (Macintosh; Intel Mac OS X 10_11_5) AppleWebKit/537.36 (KHTML, like Gecko) Chrome/50.0.2661.102 Safari/537.36','YTozOntzOjY6Il90b2tlbiI7czo0MDoiMVc1MEloM05Hc0xoZWpZWDNJRmtkY2Z4ZEY0bW1KUkNCMGtmc1Z4QiI7czo5OiJfcHJldmlvdXMiO2E6MTp7czozOiJ1cmwiO3M6MjI6Imh0dHBzOi8vMTguMjE3LjE2My4yMDMiO31zOjY6Il9mbGFzaCI7YToyOntzOjM6Im9sZCI7YTowOnt9czozOiJuZXciO2E6MDp7fX19',1774699220),('5cAYsEeNvsLcNAaQsfZ9qQCzY3rDGOfNbhtyPOQf',NULL,'134.128.208.65','Mozilla/5.0 (Macintosh; Intel Mac OS X 10_15_7) AppleWebKit/537.36 (KHTML, like Gecko) Chrome/120.0.0.0 Safari/537.36','YTozOntzOjY6Il90b2tlbiI7czo0MDoiWGY2MVFtdEhKclhCWU5GeEd6UGNIMGZwTENWaThxVnQ2MTMwZlhkRCI7czo5OiJfcHJldmlvdXMiO2E6MTp7czozOiJ1cmwiO3M6MjA6Imh0dHBzOi8va2RpcGhvdG8uY29tIjt9czo2OiJfZmxhc2giO2E6Mjp7czozOiJvbGQiO2E6MDp7fXM6MzoibmV3IjthOjA6e319fQ==',1774708211),('6HD8M1g2KDRFT4aY1AAh9AmpRIckJPcVrZmof2lX',NULL,'107.172.189.143','Mozilla/5.0 (Macintosh; Intel Mac OS X 10_10_4; rv:146.722.808) Gecko/20100101 Firefox/146.722.808','YTozOntzOjY6Il90b2tlbiI7czo0MDoiaXc3TEI4TGxNeU9XMGYxU3o0ajFNZnljWU1CNGRJSGdJRHU2SmkyZSI7czo5OiJfcHJldmlvdXMiO2E6MTp7czozOiJ1cmwiO3M6MjA6Imh0dHBzOi8va2RpcGhvdG8uY29tIjt9czo2OiJfZmxhc2giO2E6Mjp7czozOiJvbGQiO2E6MDp7fXM6MzoibmV3IjthOjA6e319fQ==',1774709897),('6VUdf0rqR49MfNXPQum9dbwAp30F9rCAP3cWrAnz',NULL,'8.217.174.206','Go-http-client/1.1','YTozOntzOjY6Il90b2tlbiI7czo0MDoicjNtMHd2eEd4RjEyVVJneDFtV0pSTW1vNUE3MWE4NUtEZFo1NFBYRyI7czo5OiJfcHJldmlvdXMiO2E6MTp7czozOiJ1cmwiO3M6MjI6Imh0dHBzOi8vMTguMjE3LjE2My4yMDMiO31zOjY6Il9mbGFzaCI7YToyOntzOjM6Im9sZCI7YTowOnt9czozOiJuZXciO2E6MDp7fX19',1774689836),('7CKR35GiBLszfMbqOsZgSlLbfSVjvYL3sQ4WkgZk',NULL,'72.167.52.121','Go-http-client/1.1','YTozOntzOjY6Il90b2tlbiI7czo0MDoiNDNYMUtxYTVBTnpYT0VnSVB4cXh6dkNNUlR6VWszVHlsTXdFYklVMCI7czo5OiJfcHJldmlvdXMiO2E6MTp7czozOiJ1cmwiO3M6MjE6Imh0dHA6Ly8xOC4yMTcuMTYzLjIwMyI7fXM6NjoiX2ZsYXNoIjthOjI6e3M6Mzoib2xkIjthOjA6e31zOjM6Im5ldyI7YTowOnt9fX0=',1774698000),('9ZVoNwPRCIlFWEFIegRP08czYSPJuzOEuCPgRTWj',NULL,'193.239.176.49','Mozilla/5.0 (Windows NT 10.0; Win64; x64) AppleWebKit/537.36 (KHTML, like Gecko) Chrome/116.0.5845.140 Safari/537.36','YToyOntzOjY6Il90b2tlbiI7czo0MDoiRThOdGlXelBVaFdWQ05uVkJzNVU0R2JDNkc1SloyOThmNTc2UzM2YSI7czo2OiJfZmxhc2giO2E6Mjp7czozOiJvbGQiO2E6MDp7fXM6MzoibmV3IjthOjA6e319fQ==',1774707957),('a654dg9odYopRFrzaqmF2jv7FKWgXGqi9AonfGbJ',NULL,'179.181.11.10','Go-http-client/1.1','YTozOntzOjY6Il90b2tlbiI7czo0MDoiMWNOSTVHWUJIaEpPR2xQYmI4aVZlNHhFZlRiYmpnd2d0cVVwWjZFUiI7czo5OiJfcHJldmlvdXMiO2E6MTp7czozOiJ1cmwiO3M6MjI6Imh0dHBzOi8vMTguMjE3LjE2My4yMDMiO31zOjY6Il9mbGFzaCI7YToyOntzOjM6Im9sZCI7YTowOnt9czozOiJuZXciO2E6MDp7fX19',1774700739),('aFkrVfDrRxhu1Wef0Mi9wfJcDr0rKSfj6Sb1e981',NULL,'92.112.228.84','Mozilla/5.0 (Windows NT 10.0; Win64; x64) AppleWebKit/537.36 (KHTML, like Gecko) Chrome/116.0.5845.140 Safari/537.36','YToyOntzOjY6Il90b2tlbiI7czo0MDoiZzhvQ3JqY0h1a3hVWmt5ZHBuZHFOSGxoRmxaaWhvekJwWjhXNjF4cCI7czo2OiJfZmxhc2giO2E6Mjp7czozOiJvbGQiO2E6MDp7fXM6MzoibmV3IjthOjA6e319fQ==',1774692274),('BDG1cLiMHZQH1VSoeHkQajmnITk6Ntd71h9QCuxu',NULL,'40.81.230.77','Mozilla/5.0 (Windows NT 10.0; Win64; x64; rv:121.0) Gecko/20100101 Firefox/121.0','YToyOntzOjY6Il90b2tlbiI7czo0MDoiMXh3NlpjdVlud1Z1VFdZbTlnZmEweENqVVhRQ2RrTXA2TnBsMkRDNyI7czo2OiJfZmxhc2giO2E6Mjp7czozOiJvbGQiO2E6MDp7fXM6MzoibmV3IjthOjA6e319fQ==',1774707687),('CQ7DtL8P9LLfgWqcc8XKMBGYhle9hcs7nSxrL8RV',NULL,'43.159.148.221','Mozilla/5.0 (iPhone; CPU iPhone OS 13_2_3 like Mac OS X) AppleWebKit/605.1.15 (KHTML, like Gecko) Version/13.0.3 Mobile/15E148 Safari/604.1','YTozOntzOjY6Il90b2tlbiI7czo0MDoiNm12aEpNWEpkWXZkTDFLTXkxdFcxM2ZWa1JCUHdqN1h3ZUpMM3ZPTiI7czo5OiJfcHJldmlvdXMiO2E6MTp7czozOiJ1cmwiO3M6MjE6Imh0dHA6Ly8xOC4yMTcuMTYzLjIwMyI7fXM6NjoiX2ZsYXNoIjthOjI6e3M6Mzoib2xkIjthOjA6e31zOjM6Im5ldyI7YTowOnt9fX0=',1774697351),('dfSflH9PjfTwal0uuykC9dH8J80V9y7OVTKqpha5',NULL,'72.167.52.121','Go-http-client/1.1','YTozOntzOjY6Il90b2tlbiI7czo0MDoiZlpiSWFmZkZJT3pqV25aT25uQkNYTlBXTUM1OW9oSm9jcnVZSnBrRCI7czo5OiJfcHJldmlvdXMiO2E6MTp7czozOiJ1cmwiO3M6MjI6Imh0dHBzOi8vMTguMjE3LjE2My4yMDMiO31zOjY6Il9mbGFzaCI7YToyOntzOjM6Im9sZCI7YTowOnt9czozOiJuZXciO2E6MDp7fX19',1774698000),('eTis6LdzLfWVvL74iN2HsomI8PNrIpOQg1y11LAE',NULL,'20.48.232.178','','YTozOntzOjY6Il90b2tlbiI7czo0MDoiMnlGdmF0WUFMN09ORlIwUDNYTTIwbkNSajUzbnVXVEhxTXlFNlhTUCI7czo5OiJfcHJldmlvdXMiO2E6MTp7czozOiJ1cmwiO3M6Njg6Imh0dHBzOi8vZWMyLTE4LTIxNy0xNjMtMjAzLnVzLWVhc3QtMi5jb21wdXRlLmFtYXpvbmF3cy5jb20vaW5kZXgucGhwIjt9czo2OiJfZmxhc2giO2E6Mjp7czozOiJvbGQiO2E6MDp7fXM6MzoibmV3IjthOjA6e319fQ==',1774702576),('HclU8HtFg1Ic3C5GLyxaT7ZxhaDTldneobQTliD3',NULL,'98.80.4.22','Mozilla/5.0 (Windows NT 6.2;en-US) AppleWebKit/537.32.36 (KHTML, live Gecko) Chrome/56.0.3026.53 Safari/537.32','YTozOntzOjY6Il90b2tlbiI7czo0MDoicGY0eEtvMXhlV3ZIOThmd3RwUzg5cEFiNmpDYXh6czUzcE5jclBKZyI7czo5OiJfcHJldmlvdXMiO2E6MTp7czozOiJ1cmwiO3M6MjE6Imh0dHA6Ly8xOC4yMTcuMTYzLjIwMyI7fXM6NjoiX2ZsYXNoIjthOjI6e3M6Mzoib2xkIjthOjA6e31zOjM6Im5ldyI7YTowOnt9fX0=',1774703296),('HjzMFOAQXsQ4KCtdH3KBRqcx4XkkTDPctfhwMS7K',NULL,'185.177.72.60','Mozilla/5.0 (Macintosh; Intel Mac OS X 10_15_7) AppleWebKit/537.36 (KHTML, like Gecko) Chrome/117.0.0.0 Safari/537.36 Edg/117.0.2045.40','YTozOntzOjY6Il90b2tlbiI7czo0MDoiWVpUWnJWN1hoM2N2VVdZdDZMVTZEaklESTV6cnpvQzJUSWdXVEY4WSI7czo5OiJfcHJldmlvdXMiO2E6MTp7czozOiJ1cmwiO3M6NTg6Imh0dHBzOi8vZWMyLTE4LTIxNy0xNjMtMjAzLnVzLWVhc3QtMi5jb21wdXRlLmFtYXpvbmF3cy5jb20iO31zOjY6Il9mbGFzaCI7YToyOntzOjM6Im9sZCI7YTowOnt9czozOiJuZXciO2E6MDp7fX19',1774702351),('HXlp7qzBN2Tu4XzMQk1EbIiAIWDGu5RYV2Zv76ty',NULL,'173.185.49.82','Mozilla/5.0 (Linux; Android 10; K) AppleWebKit/537.36 (KHTML, like Gecko) Chrome/146.0.0.0 Mobile Safari/537.36','YTozOntzOjY6Il90b2tlbiI7czo0MDoiU1JNZnF4Tk03RkRHSExHTGE1QlBBSmd3N2xUaFJkVGFqOVhyejl3aSI7czo5OiJfcHJldmlvdXMiO2E6MTp7czozOiJ1cmwiO3M6MjA6Imh0dHBzOi8va2RpcGhvdG8uY29tIjt9czo2OiJfZmxhc2giO2E6Mjp7czozOiJvbGQiO2E6MDp7fXM6MzoibmV3IjthOjA6e319fQ==',1774695182),('K7t8cAlAebLQ9saRAMgWMIr92xG6NZ9fXTLGoGfC',NULL,'173.252.107.4','meta-externalagent/1.1 (+https://developers.facebook.com/docs/sharing/webmasters/crawler)','YTozOntzOjY6Il90b2tlbiI7czo0MDoiOGo3TjdSVlFGWkNwaDlPdG1wTkQ2ZzRIZ0lKSjBEbGU1NjlGY0lYaCI7czo5OiJfcHJldmlvdXMiO2E6MTp7czozOiJ1cmwiO3M6MjA6Imh0dHBzOi8va2RpcGhvdG8uY29tIjt9czo2OiJfZmxhc2giO2E6Mjp7czozOiJvbGQiO2E6MDp7fXM6MzoibmV3IjthOjA6e319fQ==',1774691431),('lgIHHmtZWBqSzK4RyKNPPBAryxO4kIgkbSwOuVag',NULL,'98.81.205.36','Mozilla/5.0 (Windows NT 10.0; Win64; x64) AppleWebKit/537.36 (KHTML, like Gecko) Chrome/136.0.0.0 Safari/537.36','YTozOntzOjY6Il90b2tlbiI7czo0MDoiSFFVTlVSVExENURMZ1BYYkRGSVRlRUpFQ0ZWYk91UnVWc2tLQVZmQiI7czo5OiJfcHJldmlvdXMiO2E6MTp7czozOiJ1cmwiO3M6MjI6Imh0dHBzOi8vMTguMjE3LjE2My4yMDMiO31zOjY6Il9mbGFzaCI7YToyOntzOjM6Im9sZCI7YTowOnt9czozOiJuZXciO2E6MDp7fX19',1774703797),('lITWcGvTonycuF1gSGHydCzFIVA9V62mO4b7ze1Z',NULL,'49.51.245.241','Mozilla/5.0 (iPhone; CPU iPhone OS 13_2_3 like Mac OS X) AppleWebKit/605.1.15 (KHTML, like Gecko) Version/13.0.3 Mobile/15E148 Safari/604.1','YTozOntzOjY6Il90b2tlbiI7czo0MDoiNUxBVWFNTXdPUHcwZXdQWXRwaGdMWlhHRFRoeThXOG93UWxiVmJFZSI7czo5OiJfcHJldmlvdXMiO2E6MTp7czozOiJ1cmwiO3M6MjA6Imh0dHBzOi8va2RpcGhvdG8uY29tIjt9czo2OiJfZmxhc2giO2E6Mjp7czozOiJvbGQiO2E6MDp7fXM6MzoibmV3IjthOjA6e319fQ==',1774696386),('mbYzO4jrv65w0uwViRiY8G69k9PMX5RHmsn1R9Tz',NULL,'198.105.121.233','Mozilla/5.0 (Windows NT 10.0; Win64; x64) AppleWebKit/537.36 (KHTML, like Gecko) Chrome/116.0.5845.140 Safari/537.36','YToyOntzOjY6Il90b2tlbiI7czo0MDoidjk2YllXME5HdDZVSkFxdmdqU20wbWFYOXNHaWduS2NrcW1KYjhaWCI7czo2OiJfZmxhc2giO2E6Mjp7czozOiJvbGQiO2E6MDp7fXM6MzoibmV3IjthOjA6e319fQ==',1774688639),('noz0QFzuq7boNJSDAwzk5jeB5s5sBiblIR1P3FSW',NULL,'40.81.230.77','Mozilla/5.0 (Windows NT 10.0; Win64; x64) AppleWebKit/537.36 (KHTML, like Gecko) Chrome/120.0.0.0 Safari/537.36','YTozOntzOjY6Il90b2tlbiI7czo0MDoiV2xrNERaOXp6OHBiazA5OEZlQXNIOGZoQU45NVpwbmU5Q0VGUWRWSiI7czo5OiJfcHJldmlvdXMiO2E6MTp7czozOiJ1cmwiO3M6MjI6Imh0dHBzOi8vMTguMjE3LjE2My4yMDMiO31zOjY6Il9mbGFzaCI7YToyOntzOjM6Im9sZCI7YTowOnt9czozOiJuZXciO2E6MDp7fX19',1774707687),('odmTsM0oZxcwNzfUWmIewUDa1210gQD4pDmM1zih',NULL,'18.227.13.135','Mozilla/5.0 (Macintosh; Intel Mac OS X 10_15_7) AppleWebKit/537.36 (KHTML, like Gecko) Chrome/131.0.0.0 Safari/537.36','YTozOntzOjY6Il90b2tlbiI7czo0MDoidHNCaHNGVlZNREVyWTJ2Rm1PZzVrNkZya2JacTdLdEJucE5ic1pmVSI7czo5OiJfcHJldmlvdXMiO2E6MTp7czozOiJ1cmwiO3M6MjI6Imh0dHBzOi8vMTguMjE3LjE2My4yMDMiO31zOjY6Il9mbGFzaCI7YToyOntzOjM6Im9sZCI7YTowOnt9czozOiJuZXciO2E6MDp7fX19',1774691029),('P7A8gjrh9pJvGfoELklO5yjQYc8eKlpIfpuwvluG',NULL,'43.156.204.134','Mozilla/5.0 (iPhone; CPU iPhone OS 13_2_3 like Mac OS X) AppleWebKit/605.1.15 (KHTML, like Gecko) Version/13.0.3 Mobile/15E148 Safari/604.1','YTozOntzOjY6Il90b2tlbiI7czo0MDoiQWQwcU1FUEJkeWFlcmRhSEVmNU1TUEIwR25xd3hJVDBrTXh3dG45YyI7czo5OiJfcHJldmlvdXMiO2E6MTp7czozOiJ1cmwiO3M6MjA6Imh0dHBzOi8va2RpcGhvdG8uY29tIjt9czo2OiJfZmxhc2giO2E6Mjp7czozOiJvbGQiO2E6MDp7fXM6MzoibmV3IjthOjA6e319fQ==',1774700878),('pujzVoCjFm8dgwfECLmoDbSSG1giT0iDTmyJTzgD',NULL,'185.177.72.60','Mozilla/5.0 (Macintosh; Intel Mac OS X 10_15_7) AppleWebKit/537.36 (KHTML, like Gecko) Chrome/117.0.0.0 Safari/537.36 Edg/117.0.2045.40','YTozOntzOjY6Il90b2tlbiI7czo0MDoiRFl6VU5EODAwWGNROVJMdVR4STY4NW1YdkY1N05LWURjMmZ4aWVQQSI7czo5OiJfcHJldmlvdXMiO2E6MTp7czozOiJ1cmwiO3M6Nzk6Imh0dHBzOi8vZDczc3Uzb2pkbWp0czJ1dmc0ZjAuZWMyLTE4LTIxNy0xNjMtMjAzLnVzLWVhc3QtMi5jb21wdXRlLmFtYXpvbmF3cy5jb20iO31zOjY6Il9mbGFzaCI7YToyOntzOjM6Im9sZCI7YTowOnt9czozOiJuZXciO2E6MDp7fX19',1774702352),('qOV2iXEH62cZJZnIpYv8cnjSxPY7wB9O4IkggElJ',NULL,'185.72.241.71','Mozilla/5.0 (Windows NT 10.0; Win64; x64) AppleWebKit/537.36 (KHTML, like Gecko) Chrome/116.0.5845.140 Safari/537.36','YToyOntzOjY6Il90b2tlbiI7czo0MDoic2VTb1RvTHlJZFFRY3kxWnIwaDViY3VyaUR3OVRWS1lTa1dkbDd3dyI7czo2OiJfZmxhc2giO2E6Mjp7czozOiJvbGQiO2E6MDp7fXM6MzoibmV3IjthOjA6e319fQ==',1774690251),('QVrnXUarykDtNZbvk14mqbpR5lO2bT21CK2AHjD9',NULL,'141.98.11.83','Mozilla/5.0 (X11; Linux x86_64) AppleWebKit/537.36 (KHTML, like Gecko) Chrome/81.0.4044.129 Safari/537.36','YToyOntzOjY6Il90b2tlbiI7czo0MDoiblo3Z0QxUWRic0xYbXE4aTlNVmEwZWdNdlVseks5bllmYUV5TnJ0TyI7czo2OiJfZmxhc2giO2E6Mjp7czozOiJvbGQiO2E6MDp7fXM6MzoibmV3IjthOjA6e319fQ==',1774693443),('Rr0WGO3KtHt69xGN4oAJPMOW5akBmt1HfuPxPV2j',NULL,'18.208.181.202','Mozilla/5.0 (Windows NT 10.0; Win64; x64) AppleWebKit/537.36 (KHTML, like Gecko) Chrome/136.0.0.0 Safari/537.36','YTozOntzOjY6Il90b2tlbiI7czo0MDoiRGFTVE13T2x1UXNZYW1LS1c1UVJwRWlyZURRc3pjclhPMmRXNWdCYiI7czo5OiJfcHJldmlvdXMiO2E6MTp7czozOiJ1cmwiO3M6MjE6Imh0dHA6Ly8xOC4yMTcuMTYzLjIwMyI7fXM6NjoiX2ZsYXNoIjthOjI6e3M6Mzoib2xkIjthOjA6e31zOjM6Im5ldyI7YTowOnt9fX0=',1774703844),('S4cSZHabCtsMIadgRhFogqeKE69lCi9P9IDkgt7Q',NULL,'141.98.11.83','Mozilla/5.0 (X11; Linux x86_64) AppleWebKit/537.36 (KHTML, like Gecko) Chrome/81.0.4044.129 Safari/537.36','YToyOntzOjY6Il90b2tlbiI7czo0MDoicmVWYkFyeVdVNk5CZFpKdFI1bUVkdHVkYlRmZ2dDQzF3SXpKOUcyNSI7czo2OiJfZmxhc2giO2E6Mjp7czozOiJvbGQiO2E6MDp7fXM6MzoibmV3IjthOjA6e319fQ==',1774693442),('thuaVPQEISTo6EskNK1d86lXoioPQnZAFYgx03wd',NULL,'77.90.185.5','Mozilla/5.0 (Windows NT 10.0; Win64; x64) AppleWebKit/537.36 (KHTML, like Gecko) Chrome/131.0.0.0 Safari/537.36 Avast/131.0.0.0','YTozOntzOjY6Il90b2tlbiI7czo0MDoiZGllV3hhODNZb3FMM3M1dEM1OUx5Rk1wWU5UN2M3SnR6YjNYOWMzcSI7czo5OiJfcHJldmlvdXMiO2E6MTp7czozOiJ1cmwiO3M6MjA6Imh0dHBzOi8va2RpcGhvdG8uY29tIjt9czo2OiJfZmxhc2giO2E6Mjp7czozOiJvbGQiO2E6MDp7fXM6MzoibmV3IjthOjA6e319fQ==',1774695558),('V5CJMvIdVKdOu3R8eDXQ5QXUPlHQRp2KOJDsLn1S',NULL,'67.227.14.176','Mozilla/5.0 (Windows NT 10.0; Win64; x64) AppleWebKit/537.36 (KHTML, like Gecko) Chrome/116.0.5845.140 Safari/537.36','YToyOntzOjY6Il90b2tlbiI7czo0MDoiYnFHajBtMmZDbGRRRXpNNktIaDk1SUdrQnNYcG9Fc2xmMjdlM3BWeiI7czo2OiJfZmxhc2giO2E6Mjp7czozOiJvbGQiO2E6MDp7fXM6MzoibmV3IjthOjA6e319fQ==',1774695427),('x2R1mibqoRt9k0ttixKmmgSLoFHgAYuiGE4noVMt',NULL,'185.177.72.60','Mozilla/5.0 (Macintosh; Intel Mac OS X 10_15_7) AppleWebKit/537.36 (KHTML, like Gecko) Chrome/117.0.0.0 Safari/537.36 Edg/117.0.2045.40','YTozOntzOjY6Il90b2tlbiI7czo0MDoiT3JlRFkwbjBlNndFVUQ4R0VqbGVLcXpMTGY2VnNCRkhhYWJnVnpseCI7czo5OiJfcHJldmlvdXMiO2E6MTp7czozOiJ1cmwiO3M6NTg6Imh0dHBzOi8vZWMyLTE4LTIxNy0xNjMtMjAzLnVzLWVhc3QtMi5jb21wdXRlLmFtYXpvbmF3cy5jb20iO31zOjY6Il9mbGFzaCI7YToyOntzOjM6Im9sZCI7YTowOnt9czozOiJuZXciO2E6MDp7fX19',1774702351),('XLR9RSB9GwewKP1GBRNGg1ccxm2ApfbPXzjYZIGA',NULL,'161.123.209.72','Mozilla/5.0 (Windows NT 10.0; Win64; x64) AppleWebKit/537.36 (KHTML, like Gecko) Chrome/116.0.5845.140 Safari/537.36','YToyOntzOjY6Il90b2tlbiI7czo0MDoiZEdOdm5LRm4zME5iRXZEWHZXTUxmbkZjTEJ1R1JYcjQ2WlR3d1hpWSI7czo2OiJfZmxhc2giO2E6Mjp7czozOiJvbGQiO2E6MDp7fXM6MzoibmV3IjthOjA6e319fQ==',1774702051),('ztAcEQXVKaADOuP7xhcA5ABU4n23P39LL8Eh917d',NULL,'94.176.57.36','Mozilla/5.0 (Macintosh; Intel Mac OS X 10_8_4; rv:146.161.077) Gecko/20100101 Firefox/146.161.077','YTozOntzOjY6Il90b2tlbiI7czo0MDoiaDJLREhSNmY1bDU3R0k3akhoY0kyTzliREFVaURNNEYzcDEybEFxRCI7czo5OiJfcHJldmlvdXMiO2E6MTp7czozOiJ1cmwiO3M6MjA6Imh0dHBzOi8va2RpcGhvdG8uY29tIjt9czo2OiJfZmxhc2giO2E6Mjp7czozOiJvbGQiO2E6MDp7fXM6MzoibmV3IjthOjA6e319fQ==',1774709895),('ZVTI4xrmiQq3WzoO6bmKmW608hy4WCM2qxwrZqza',NULL,'43.155.195.141','Mozilla/5.0 (iPhone; CPU iPhone OS 13_2_3 like Mac OS X) AppleWebKit/605.1.15 (KHTML, like Gecko) Version/13.0.3 Mobile/15E148 Safari/604.1','YTozOntzOjY6Il90b2tlbiI7czo0MDoiWHJncllwQnlkOFdFeEt5UUdGODFXalp3cEpoZFpMZmlMb2NmeEJKVCI7czo5OiJfcHJldmlvdXMiO2E6MTp7czozOiJ1cmwiO3M6MjE6Imh0dHA6Ly8xOC4yMTcuMTYzLjIwMyI7fXM6NjoiX2ZsYXNoIjthOjI6e3M6Mzoib2xkIjthOjA6e31zOjM6Im5ldyI7YTowOnt9fX0=',1774697139);
/*!40000 ALTER TABLE `sessions` ENABLE KEYS */;
UNLOCK TABLES;

--
-- Table structure for table `users`
--

DROP TABLE IF EXISTS `users`;
/*!40101 SET @saved_cs_client     = @@character_set_client */;
/*!40101 SET character_set_client = utf8 */;
CREATE TABLE `users` (
  `id` bigint(20) unsigned NOT NULL AUTO_INCREMENT,
  `name` varchar(255) COLLATE utf8mb4_unicode_ci NOT NULL,
  `email` varchar(255) COLLATE utf8mb4_unicode_ci NOT NULL,
  `email_verified_at` timestamp NULL DEFAULT NULL,
  `password` varchar(255) COLLATE utf8mb4_unicode_ci NOT NULL,
  `two_factor_secret` text COLLATE utf8mb4_unicode_ci DEFAULT NULL,
  `two_factor_recovery_codes` text COLLATE utf8mb4_unicode_ci DEFAULT NULL,
  `remember_token` varchar(100) COLLATE utf8mb4_unicode_ci DEFAULT NULL,
  `current_team_id` bigint(20) unsigned DEFAULT NULL,
  `profile_photo_path` varchar(2048) COLLATE utf8mb4_unicode_ci DEFAULT NULL,
  `created_at` timestamp NULL DEFAULT NULL,
  `updated_at` timestamp NULL DEFAULT NULL,
  PRIMARY KEY (`id`),
  UNIQUE KEY `users_email_unique` (`email`)
) ENGINE=InnoDB AUTO_INCREMENT=3 DEFAULT CHARSET=utf8mb4 COLLATE=utf8mb4_unicode_ci;
/*!40101 SET character_set_client = @saved_cs_client */;

--
-- Dumping data for table `users`
--

LOCK TABLES `users` WRITE;
/*!40000 ALTER TABLE `users` DISABLE KEYS */;
INSERT INTO `users` VALUES (1,'Jonathan Kuo','jonwkuo@gmail.com',NULL,'$2y$10$0YtjDZQlQtzi3/2/pi.4Zu/huQb5yLYuppMitn7mkPdff8MUJ.Yea',NULL,NULL,NULL,NULL,NULL,'2022-02-09 01:45:23','2022-02-09 01:45:23'),(2,'kylek','kdiphoto@yahoo.com',NULL,'$2y$10$vo2.U2ZqMDvnlFEjz7fur.VoG4HbKgZNrQDaElP7jkjGXjQ68.NOe',NULL,NULL,'6nWAGuDZ0KU0vnkEfalVf3C8XzfWgV2BbJyITiUZaCgoJ3L96b2waIQ6LSPg',NULL,NULL,'2022-02-09 15:41:31','2022-02-09 15:41:31');
/*!40000 ALTER TABLE `users` ENABLE KEYS */;
UNLOCK TABLES;
/*!40103 SET TIME_ZONE=@OLD_TIME_ZONE */;

/*!40101 SET SQL_MODE=@OLD_SQL_MODE */;
/*!40014 SET FOREIGN_KEY_CHECKS=@OLD_FOREIGN_KEY_CHECKS */;
/*!40014 SET UNIQUE_CHECKS=@OLD_UNIQUE_CHECKS */;
/*!40101 SET CHARACTER_SET_CLIENT=@OLD_CHARACTER_SET_CLIENT */;
/*!40101 SET CHARACTER_SET_RESULTS=@OLD_CHARACTER_SET_RESULTS */;
/*!40101 SET COLLATION_CONNECTION=@OLD_COLLATION_CONNECTION */;
/*!40111 SET SQL_NOTES=@OLD_SQL_NOTES */;

-- Dump completed on 2026-03-28 15:13:47
